name,email,password,role
Frank 71,user1@test.com,$2b$10$RX3a4FFFb2oPo3pX0jJMD./b59lWduzFozqAYrbZNvG2dyRmaXWAe,2
David 87,user2@test.com,$2b$10$Ts18894rVYKL6Hz1mOB8EOXYGqFVdnS/fwgVCUijeE1PT6hRpWWM6,2
Charlie 24,user3@example.com,$2b$10$h5fjXZoqrFVpwVLsUOPc..bfWyAHfinaXrMXdMSs.auEGjnV3LnzO,3
Jack 1,user4@demo.com,$2b$10$dULPaBpXlHi4sBYxehFsWOlGoeBiGjxJkos6D/1GLyO/ohSC.8YlC,3
Frank 6,user5@example.com,$2b$10$i4O9IKO4OTXoW98iFlQKJe0m.4Oc9h.5YHq9MHfgfrJV7NxdZMEvG,3
Frank 26,user6@example.com,$2b$10$gN8g66WE7E2YAGdPxlPp9OYJlLGYr0yq2D/Im3OqPw.sv883sPtf6,3
Hannah 43,user7@test.com,$2b$10$3ZxwO8tvdJHmLeHmYOptmONEaUOAftAZUA1B1/7P3CT2pCpjHOz0i,2
Emma 98,user8@test.com,$2b$10$dpqgRLrMz1H7BFB4AsVyxuokv7fZQHK7ts0kybvEBesG7QGHtldEa,2
Alice 21,user9@demo.com,$2b$10$uiJDkyUbQKzrTKw/DNcyH.Hv8q9MikYF3az6DoQ3WHs.CRlFp6hHK,2
Frank 47,user10@example.com,$2b$10$l.LxDptYscymQ41/PQody.g5zeYeSKIQf9b3d3anMe1/NNQUxBUq.,3
Frank 24,user11@demo.com,$2b$10$qGvzeut0hNKWw5aCqJtwceR2S78c3c97KXDrv3iMVfWK.tk6Xm1Fa,3
David 22,user12@demo.com,$2b$10$8lpis6ZplFmpdHgZiPJadeOV7pVQPNg0SQPIFwKN5q5SVjXPvFbJi,3
Jack 59,user13@demo.com,$2b$10$r4gS5frgcH..Jmeh3sHVhONixnDUgQxe2VGT3febfQ7iXV216Kp/i,3
Charlie 26,user14@example.com,$2b$10$ePVpiAVgFvCPR/scLkawoOeD/txFnaOBo8Lf.woKLRP87//0WYTUC,3
Frank 68,user15@sample.org,$2b$10$WlQgOyJSl/58Jykk1Wtfm.uVP6Tbl0SOnJY1fkstgdUCdFp0939Jq,2
Frank 15,user16@test.com,$2b$10$bgmLcHwl10fa0Hlvo..9aujSHisbzqHiET7NJD1.mL919vjq1PkQ6,2
Ian 38,user17@test.com,$2b$10$NPq3OZkvBAJNO/EAT3XED.dRC0Hu8YajubR3zY9xBb5ntJiIibT4m,3
Frank 71,user18@sample.org,$2b$10$MXP0aaTWreb5ssuwDxCQc.3aJht.hdssmarrmjBkDZUjTNzPvww/G,3
Grace 68,user19@sample.org,$2b$10$YefsUw8ifxOVyYhiEMwwpec5TUfkZlHtx4L/AzNK75fHhYedrNV5e,2
Ian 7,user20@sample.org,$2b$10$qe1jxxQDZRVnwo0tPjAkJOtcHDu4iwNFkBgcM2Inzh383mx1kThre,2
Charlie 36,user21@test.com,$2b$10$K8S2APbiWv.FrZ5OYd6p0uMvJyam8YkPpxaAZic95qQ02uQQ7v1C2,2
Alice 83,user22@test.com,$2b$10$KqnFMLDF9D8HwxP5ZhTzDe23RH863onhOCt3UQ1.0MNdcCiKAaAGW,3
Jack 72,user23@test.com,$2b$10$vLZT6iD4X3vBdi5q5bLCKOGZl9E86zH6iynWLHHpbx3HlWaSCkmsW,3
Alice 39,user24@example.com,$2b$10$XCeYBtHd2CFI/0zz7Zc6eOPEtG4SZxcFuTsnChJ/AQ/tF/fTtA5nC,3
Jack 3,user25@example.com,$2b$10$NfK4zPNUTRLFp0wErPA30.lD5NiHdjPohEkQUToJpbETw58KzHt2S,2
Charlie 22,user26@demo.com,$2b$10$5vALetFPsYboghfjv6edLeX8m0X3mfv6qqmp9NrosuWXYvyiWjcJ6,2
Emma 65,user27@demo.com,$2b$10$.LEgUiN4CU8eRzaPNTNiSOZe/oPAcfs.fVC5pAyAhk68NNrSpLqfe,3
Emma 85,user28@demo.com,$2b$10$4MAx0lX8RDgQgaQXsYcl6exAMzsBkuuPnu6sA.Q0fKAjgO/X6lryW,3
Hannah 32,user29@example.com,$2b$10$.lVuwwsWfS7jjioI/hc5kOYpQRywMoRCrF0JhuleeM62/7LWermgi,2
Alice 51,user30@example.com,$2b$10$.gTSYyNWILEWmUPNLlbjWO36GxtO/iHU2aMBbyXjBLcx4IAb.VOpy,3
David 87,user31@sample.org,$2b$10$1P8xT9Z.ojGIGd4BYGRdMuHQOFDtEP9S/4Tt7lgR78ZlAz0/C8cWS,3
Emma 25,user32@demo.com,$2b$10$efZ2mfoYomAr6/7AHmc/cu91Sl0U6X87KjGrcGFuqoPOm6W2GsJgS,2
Emma 37,user33@test.com,$2b$10$nHSVcQ7mhSPeXAegtyRGTuPOCPLlkS0QIVGl3eEofvDG.egvCeTFO,3
Jack 77,user34@example.com,$2b$10$0WvBAU1KboDOaQJKNkr1fuNhWnqBsWC4UrvF131ZakkCe9Q1wvhRO,3
Ian 58,user35@test.com,$2b$10$PhyCn0xh2PlrLcmmbhk5UOb9h63v4xc.36gLu59mK62bwiBujmNWq,3
Jack 42,user36@demo.com,$2b$10$NMRZXDT1B4QT6sjXTMqq2uufD5QswQpX6eOSZuSAcv83eEWokqQBy,2
David 40,user37@demo.com,$2b$10$6jezMJWYI2THgltNX9zwWO5T6dVJaBe41YAdwzfb.5DhH6zGTnVm2,3
Frank 65,user38@example.com,$2b$10$sMs7d4ag4k4SxOKknf/3FeZpUYrBzNNVkeejpPMfwa0bVua6GKv4G,2
Grace 42,user39@example.com,$2b$10$dYXJGJSbTvyp/eOwSwQlxumLPQ4ZogesMvvyfye9BT.J1vQgGFWdK,2
David 29,user40@test.com,$2b$10$R/ycwzGc31UTzjSJubNRk.3T2/rRt/gB/b/9tkpmLjy27K4hSSepW,3
Ian 2,user41@demo.com,$2b$10$h7Mqg6rXM8vq.V7gOC2LFuev3siDfpyp5sfGWpwkqgPjVdTp.hLni,2
Charlie 80,user42@test.com,$2b$10$jJ9U/uZxzoJxJzB9h7QLZOknBdvcqE4hpnDJJP1wwhuVPTP5GP.q6,2
Charlie 48,user43@example.com,$2b$10$E0YXPfPZdZg8vgK4005gYeUOgW7bOyT2sr8CIDYk/Fk1iqjgW7u5i,3
Frank 4,user44@example.com,$2b$10$MbOIzTjUrz1lu9wZNODc8u2hINk28Q6iXx76F3tAOXgRW6Cefa7Ua,3
Grace 90,user45@example.com,$2b$10$6aBPBD0X7FFfreKMVsncweIWHkYSGtv8HYQBMMetgjDVQnCpXdf/6,3
Grace 31,user46@demo.com,$2b$10$JV4WcvY2rA7WHciDRXakFepJR33AcdzLeW5b6ldkcQ904rs.tOZOa,2
Alice 76,user47@test.com,$2b$10$wcdTGFjR4QPfZs5mLm0MHepnmNUWHdtyY7vLgkXsiVqUY9VSCa7AS,3
Ian 77,user48@sample.org,$2b$10$wuG92mYLgcy41xpH/unzK.lYZ.667GmS0AApYYVLXgIte.E.gnQLm,3
Ian 10,user49@test.com,$2b$10$Bz6Y7v1gJg/7ua9Gklu0Ouo4uS0qkXXTViW6SOBcDFY34CsdMOQVO,3
Grace 64,user50@example.com,$2b$10$IRTRRXlEjSPvaVKQvgmsQuAk5UfBUm9HevzwOe76xsrvmun9.9DOy,2
Ian 45,user51@demo.com,$2b$10$vNvM6UFBf82d.brroHRopODvTPqkRQ7F1Xuuwj4OGSC2iGCq6weNm,2
Jack 84,user52@sample.org,$2b$10$rdo7nQlWiRpoQQ1lNWlpVu5A5hTZZOPMfnruauoF68J.R/ipIwJj6,3
Ian 42,user53@demo.com,$2b$10$K4nqoxhmKQKcYdnjMtAuR.yh2Pkc14kCrl9mzUvdvYBGJyK7o54Ta,3
Emma 9,user54@example.com,$2b$10$1GoJ/IriCufMqZWY1uFHUOai7gs7F26gdyfg7yiwm52aTh8BFqbNK,3
Alice 18,user55@sample.org,$2b$10$G8ZNeHzV5S8SifaHMY5SseVq01LWSBmXokJGLSt91qoypfJ23Om9.,3
Alice 33,user56@sample.org,$2b$10$CpvPhTxW6KnhRFI5piCzrOJEL5Dcd03/Bl1c4sQmN4O.RUn1yZDiq,3
Grace 19,user57@sample.org,$2b$10$Ar392aoMUBp/M.QdOQia/OApEvA7KlZBDpo0Nmh9volgJ4G.bVxOG,3
Jack 8,user58@sample.org,$2b$10$b3bQxzyrsbfhYsFbye3eVe4pFrkkHfKE0XhI7ilmIIK4XjbqPN7w.,3
Ian 60,user59@example.com,$2b$10$C4MMhzEH4N93LcK13tP5HuNOiX7TYAoU4x7jsjh0a58iQgSn9BbZq,2
Grace 79,user60@test.com,$2b$10$vkDzqzbbAA66Yzd5z/9IE./L5tJHMuMASsn5wjmJocZiB4uQ55AqC,2
Grace 21,user61@example.com,$2b$10$mH9XxxIYjsuvq8l1M2GVPOcTyja7vyZfXe9eJQaR2niSYIGuqRhBq,2
Bob 33,user62@demo.com,$2b$10$NVrAZG89zlSj4YQn1q9/SesX5QWl8vHdG/gZnJyqPl9vdLpY7fnSK,3
David 93,user63@demo.com,$2b$10$It6nEzaCMQX3bCvBlZ2NW.1YOI1zPXKfI6.TjBckL2t3kj91YcmHG,3
Ian 18,user64@sample.org,$2b$10$DaC2ptO7LwBUZ1t5rMUQIOq8E6/4xVmpQy4k0if7MZxOzvwkhMPlW,2
Frank 84,user65@sample.org,$2b$10$PXxqgSDoyuj8hjmY/IAK6eNwB9Y/NQ60lt0kVHavtUSQK2zEq5xsi,2
David 80,user66@example.com,$2b$10$MK/D/qgZRnsXKyypotbTHuFtLn/7WTfLg7hLHNM698SavtnrJK9sC,3
Bob 87,user67@example.com,$2b$10$Fnoq8d0QvpdXZCI3SlcdHeZKbzLrKPZdKmuTSlfCfXnh49Oth3XLC,3
Alice 78,user68@sample.org,$2b$10$kU2yvtcYBtf6EnXeto8zQOC2rfgpgrXhtJLoXzWnabONctyv0nmrW,3
Bob 12,user69@test.com,$2b$10$w5eEVa7ZOJXVbfePLEfBquDcj2yEODD8p2Np7TEDCetd31Q6C8qSa,3
Frank 34,user70@example.com,$2b$10$qGaSoLLSEe/.bP9fCIrq3OC.i1zRfXlVW2mfQL6VXQsRvlkMMNXba,3
Alice 77,user71@demo.com,$2b$10$Iz4NZ0GG6PlLpSX.A9HZ/OjmCXibRtrqtAZq90RnNF2f5hCgi5XgW,2
Ian 99,user72@sample.org,$2b$10$xxzBUc03bqixXXEz5WNk5unElMR8d18aRhM2wvTHCw884wLVXVdFW,3
Grace 59,user73@test.com,$2b$10$uQPBG/xwy8WjVHBgrMfQl.MyOheXLIPvLSLgvYzBJGCQDocoYkZqm,3
Frank 34,user74@sample.org,$2b$10$mjha.UmKnqOCnl3fn.QEheW06lYp8c8Fagqpsb30eIRPSTMB7cv4i,3
Ian 77,user75@test.com,$2b$10$ybfLRSx/4TZdJAyuB6wpNOTfxWBRAjsI31lR0YqtUalypDJeymXoi,3
Ian 84,user76@sample.org,$2b$10$oV54vee9h7zSbRQkbdE0Ge2qXv3PjipqsqBVPa2DAIcSJuMS.JTxO,3
Ian 63,user77@example.com,$2b$10$Ui58HnmgOrmJT4XdJhiHuOieelxYruvBWiWey9bX0VJiqaiK9teMm,3
Charlie 29,user78@example.com,$2b$10$cpp4x2zeEiQxWPyF9aGO8OiCEnrlhlcS5tSrITysG.hxpUKYD9be6,3
David 97,user79@demo.com,$2b$10$6CsjBkIDiVjQx9knRp9FPu9H/.l7/wW/GHLo.2nFMcwXqn3EivP6G,2
Bob 20,user80@example.com,$2b$10$qg/xHF1ZopL9.9UhF0cHKOG5B/HpKOi6FNeMTxylddzh/bNTaAwAa,3
Jack 50,user81@example.com,$2b$10$TmpcFD0q7Htap6dtV0mOvuKMD2IPgYSiyelvBjSz194hLM6j3iNy2,3
Bob 76,user82@sample.org,$2b$10$zRVS6S4PxIZ8tvimcCUQ/uLuxCiz3HT6HVPsIf2ZgMRckDLtZeXfO,3
Alice 49,user83@test.com,$2b$10$mfX.9JCdQ1cIZ8ELddyag.w6qamxCxShHsJjBPHo9jwrCIyh6qKVy,2
Bob 36,user84@sample.org,$2b$10$3RsvvDThdTHuGjEO3yXzO./hc1W.iPsO0wi1Ys5Xzsf6O9IEPK/W6,3
Ian 16,user85@test.com,$2b$10$I6Gi3xoftd3AlzgrHTzlTeuK8TufTBqYkjToePpwc8M22zgm52zCO,3
Bob 32,user86@sample.org,$2b$10$3arSE1NG8kFiSbZHkWufIOBp7.9UdBT0842QqwakB40XeUY6XkMKi,3
Grace 66,user87@sample.org,$2b$10$AQaNiKiDYZrMeMkRPDtdW.nCyhbZR0uZSnl70dKcMYwi1L3cKVK/K,3
Charlie 9,user88@sample.org,$2b$10$7dUF4ypjPYooQDod3hqbE.DgPBJi5sp4g9q4LfERB1h0cNl.Q9SHy,3
Frank 36,user89@demo.com,$2b$10$CaPi5aBqCAWh7KWtrPPUaO8s81mmLTuXZZy/RvuMQOFq7YiKECtcy,2
Ian 38,user90@test.com,$2b$10$RHgQa0mDPrn4Ov9zMrIZT.aYxywue505Ysz2n5rW4dqd9HMVflt2m,3
Bob 92,user91@test.com,$2b$10$LB5/v665PP1TOPYCtjlzkeNuFNbgfRQVMocOqAIOOB/o1KFNDdmk2,2
Grace 10,user92@example.com,$2b$10$qwOQVgmaE0v69fEr9A5r5ejw2cGT1sah3g8xk.CkAhCri1s16bNAe,3
Bob 99,user93@test.com,$2b$10$3UKGYZj/mmtBCvZuabbIA.tCHR6c5doEEIFL6WqqFxPLpaKOMJL7C,2
David 19,user94@test.com,$2b$10$MqNDTLZiFgf4y1fpqirFo.Ry8M1D4MjY14e41tqmlKdlqbtDif5ta,3
Grace 66,user95@test.com,$2b$10$mealLNPy5/xJINbfdAMz2OEsYr3g.wBnt1a6LWINURuX0SRpVB.bi,3
Hannah 27,user96@sample.org,$2b$10$L4.KPLv3De4ijV4UW9mbaOzBE8tyQtTAyP/1ZFm1JmlbUUxyZpY9W,3
Charlie 70,user97@test.com,$2b$10$vTO8u09EsSLi9b4k/k3B9ub/vw4edDqWwdKdfuFIXPlLh5zKXXEfy,3
Alice 2,user98@sample.org,$2b$10$BskxSvFvKVFivCtPlA7GOuaN9mq5JzMYMC5EiSeXxpcR2CtYgF7Fq,3
Alice 2,user99@test.com,$2b$10$6kpYATQalpe2f7nSx3WdgeoxNFuAQh12Da8HkDGirHCQ5YoUT74dy,3
Charlie 63,user100@example.com,$2b$10$kOwocUAfmnl1NXsu1iuJmuNcXXnnsvkwmnieRyGidb2IrIFECGlTq,2
David 89,user101@demo.com,$2b$10$pKKXtRgaqQXwkhaD7.NE1esm9zMmE6wpP0nJNV1kKad5UQuuQG.P2,3
Ian 21,user102@demo.com,$2b$10$WUwLmEAkZP02qWbYHvuDR.KhelXfgqCeAui39piXQZ8BeFmzO8Szq,2
Bob 27,user103@sample.org,$2b$10$N8lPTReqpXiqF3ACrHykreF9S.jyptbWzXtVKfaOP.RnIryzvSOmi,3
Frank 49,user104@test.com,$2b$10$LiUPD6UYZI80SO82G51Xo.f/eXUMdWZzdCyTfZLBOSJMA2NIkNfJm,3
Emma 74,user105@sample.org,$2b$10$DoZ65BqrtjXLZ5Zxuo/9j.PBjvysGa8oLZK4mksvrmmn7CsZ3qMHi,2
Frank 99,user106@test.com,$2b$10$aQyvU8i4C.KSTPDQgoAL3uo9URPVw10SYNRRN8IQNFC560clVMbwi,3
Charlie 39,user107@example.com,$2b$10$Oa94gRwZ4auJwSTfRGE3leAYbU1.RIyd77wmWJOruvnHeTO.3eJum,3
Ian 64,user108@example.com,$2b$10$Tg1pmOju0jUXQH/hi0V1yu4uXJpjL0JLUIdnwRp696jcZn56U5YIm,2
Alice 74,user109@example.com,$2b$10$e1WsaQGoF1kxf6dd9LMk1eZjzDTFh00FaC4DzdJ6D35pRmZxetPZu,3
David 16,user110@demo.com,$2b$10$PoUtRxVNxKZ1IcMZOSyvuOOG/hVwoxQq/nv1gkzP81SaiMZA6Na1y,2
Alice 61,user111@example.com,$2b$10$HT3SFKKAb3oPpeXLQmIwWOeFtteYo/3aS6tpr27g.yYYoaqyQyCcS,3
Jack 26,user112@sample.org,$2b$10$i3iaYZA9.49C0GiN8cQLi.U7/SpTESLB0U4nTZTlFLF7h/eviVE32,3
Bob 55,user113@example.com,$2b$10$TU.FxgVtuS39hnZOG82q1ey.jt0Q/DBw1mz6ScKtXG3Klguj.agKm,2
Charlie 82,user114@test.com,$2b$10$pNKcKMUHErXrsrhUJMbWeOOzmdNOJlWEzjZA996q1tbfe1V2a4GJy,2
Frank 42,user115@sample.org,$2b$10$sX.w.JMKtn/0OmfvhMUTOuwGhc761R3DhtzrvoYlWqXaDRgr3So2q,3
David 63,user116@sample.org,$2b$10$sQTucnrzBJbB4w2xPElNxeoMMRyHDjbuUi6lX/gFjASwgIPrmkKba,2
Jack 55,user117@example.com,$2b$10$OlvPyhQ8MhXxr2HGWOWfIedscy9FPYm7hFvowZpSqvO.OA7zJZ02e,2
Alice 58,user118@test.com,$2b$10$qOVNhrU/ptFg6CzvnGXMn.ckhl5.SGt3Tmi9h2rzKmGf9CLHhfiAu,3
Emma 45,user119@example.com,$2b$10$R4zq9ZDg9QXl7KQhp3iN4O/ttJi7igaq93rG.iy79wUBg/.1.mz6O,2
Alice 28,user120@sample.org,$2b$10$FXMxe8qx2TwSOYHKbSwfiezn9G1rF3WUcL4wWkhunNKGORjUMCCWq,2
Hannah 75,user121@sample.org,$2b$10$hy1ZRe8gOym7aXC6UFD1Nep.zVkB/rXyJAXNGBlsgdm9xtzjlEG/2,3
Hannah 40,user122@example.com,$2b$10$491tYvp1xaWs9Z5nFt0yrel0nk51crJ318bRl6SKAe8XgsiOz5enK,3
Grace 14,user123@test.com,$2b$10$q73plQKURDH4oN36pQx6X.HEdqPkkZy9oBwue5573D9bMzSv8nE8e,3
Frank 31,user124@sample.org,$2b$10$dja7da3ral.TU6eFVHGOVeH9gXaiVGk/PPH7Ysx.1cnfoZtcnzfc2,3
Grace 91,user125@test.com,$2b$10$wuSXsrapPuJUG88JDaHNDuqMrnUHH69x0fGdOasef8Izrv61MRUuu,3
David 61,user126@sample.org,$2b$10$YyazsGx4UNeB/aFyQAqqhuelMSHYWLUU57bFykOBfWp12CbczyD42,3
Hannah 26,user127@demo.com,$2b$10$5aqrYeHwgCB68q/9W7Ilh.wSJBUcI5rseqaXgb5n.aL/GIAvndiTa,3
Emma 19,user128@demo.com,$2b$10$zzeAh1Q5Xv.uW4Z/mr/Hde/GWUMFLY3R4Uiw2iOK6tEZ1uQbGrhEu,3
Bob 35,user129@example.com,$2b$10$mLyG80N.MKB2xPqHwINlKunJ4MQoW9yoLZYoU8Yr7BWLzt5c7Pn8q,3
Charlie 70,user130@test.com,$2b$10$Y090GFRMZhXbupGxoPyw0uUiGh6cRYQxBQJIedRZdx8zCzdyzKlYe,2
Ian 68,user131@example.com,$2b$10$ikQ4yNKU17EsW.m/Qcn8weI/5y5Cz8KOtBnQb97/stS/y4sI6xTfO,3
Jack 79,user132@sample.org,$2b$10$SisM.fBUQWMXDlNjjomUuOy2fup05p6/Pek21k/Zo.xoMnn12ct.2,3
Charlie 46,user133@example.com,$2b$10$mh1/4SW.vgQjOr42hXdWGehEBzhsiah.RABYHvNbr0EzUojQHL7/W,3
Alice 52,user134@test.com,$2b$10$6WGZkYXJmzbmblbSMLnByew1CcPwdVPxo6OXf5qK4cr0jyAj5eB1C,3
Frank 58,user135@test.com,$2b$10$9VXMcQg7Og12UcsnSVHmCO8e9J71To8NmdVgHmL8Kr.J8VS2BRuNq,2
Grace 63,user136@sample.org,$2b$10$JfoHJ64DrFXAcqxilg.pZ..yFXcTVkVEoHk0CJsKLvHerdm3za6aq,3
Hannah 48,user137@demo.com,$2b$10$DqICQ1G1aA4OxoVjhgoZcOgI/hnmbdwL6iHCfE.r8G2ioOB945HKC,2
Grace 52,user138@demo.com,$2b$10$3RgOKY3.jcufpmxBNtMrt.8mSDXaAatLc7Ssqz2aaPfvfiS.2O1qm,3
Frank 11,user139@example.com,$2b$10$Ruo8Ieaj6SzKIMzTy9tsgOUE6FRncYT8J6nL.iRBaVqEqgevihAY6,3
Bob 5,user140@example.com,$2b$10$79elIPk8qJRKRJIhuqPlaOHgxOE9hgQ2CGakJMon6nS/lrHViArN6,2
Grace 75,user141@sample.org,$2b$10$J0W8xeaicesWF3iNRvSP1eHSFMPQmrthP1E3r8UAJDd/eg8mJqx/C,3
Charlie 28,user142@demo.com,$2b$10$RshUW4R.j3oe/Ni3KewvvOXnBHiDeOCd3sZyyyRMzu.5yvcjlPJPG,2
Emma 85,user143@example.com,$2b$10$Tk3HjuiQiMdauGFejWPREevw2mQGi.JOJM2UZfYswy5Vy98JYDeP6,3
Charlie 88,user144@sample.org,$2b$10$I1VLYA3VASOHVC6j4g/S2OtUss/1Mxgg.hWpedb0NK2hmEbmFIahq,3
Emma 59,user145@example.com,$2b$10$nHEGMFDhwQ/Flayk4e0T5.yvxB5kVVbSIpjN3UQn4JiTXT099XI/2,3
David 60,user146@demo.com,$2b$10$8LyGrlapDVfzRvzGbsTQp.93xhxNeT64x74H7bv.aGfJ7zEY2RgW.,3
Alice 56,user147@sample.org,$2b$10$8ff1s6OhWIGNHX16iV5tuO.0RI6SwPFTkX8vJlymGScmHxsFzQFJm,2
Ian 15,user148@sample.org,$2b$10$aPLCiYbt459cKIzX4tuJdui9VnjJlkNYk18fZDMp5t4oe5yEJ2pm2,2
Alice 58,user149@test.com,$2b$10$zcPbL18VYwEoMnF9DJoss.sWpbg6GFEDavGnkUsg83mVe1QWsmSYq,3
Bob 54,user150@sample.org,$2b$10$cSusp1j5lMnhcYzR8ZNWlevks0FevY.yBmlCxnLwzMZK5fWwdJGn6,2
Charlie 44,user151@demo.com,$2b$10$YEerDkT4vBuhY5yupl1CcemvNm1LGIIspCaiXpOUmKfIuQ6BhSZYO,3
Charlie 80,user152@demo.com,$2b$10$WTrbYVtNJzs3IoAn3Wsz2O.1CMUKjTuOMfKUSxfvbyobEiZ5xUhxG,3
Hannah 59,user153@sample.org,$2b$10$HpTJwZuot1Yqfe5HAzKRf./bwXBGHBAHc7FuiBToYDXe1pLjwdaKa,3
Charlie 55,user154@demo.com,$2b$10$waswteL6elXoadMoxPsBeuglR/zqW.mpD2It5WBilW996LBOLdb2.,2
Frank 21,user155@sample.org,$2b$10$mt3EA2vnPg5dJuel/XhMCOMQubh20rrwUBnEKsSBlWDI1AIpKCq2i,3
Bob 3,user156@test.com,$2b$10$4l92ac638lyB/LQnibrrq.kS/p6h9It7JchEbimNRcKLxMwq/SktG,3
Frank 74,user157@sample.org,$2b$10$tIrSvNPV/mAnJ6SDbO5xFOETjBTOaUxWBfQ4QzAzvPHfNm3pPRNBS,3
Charlie 30,user158@example.com,$2b$10$uBMqClir08oIagphS9A48./4x3.6C9Qq2c7wgciT05qb3qwWjtOqK,2
Grace 68,user159@example.com,$2b$10$/ydqCmMft2DEr/mx4jwnBuOOkluk6.td0I7XzM0xcDpPHlnkPqTzO,3
Frank 97,user160@demo.com,$2b$10$W7.9OKwRsJaBAuHeT.tY2.GSv7lMnvCXKI7Whh79DKbTBtXkYZoa.,2
Jack 54,user161@test.com,$2b$10$uAZOaeke.0dW0LhqSSkTL.QBxTOj.8uSlOVnB01dVa1/NNrRQoLZq,3
Alice 100,user162@example.com,$2b$10$NM.V3wZZLHy9LzFCi1LFBewyVtRVBvLdksjk73P..Zu3D35PAD9X2,2
Frank 90,user163@demo.com,$2b$10$EModyrA.KoTYZ/Ra.3QpyeeE7K205rKEfQ7FdiRv0oXIQGd1i8i3W,3
Emma 31,user164@example.com,$2b$10$J1bxoODNSMr1XOUJevG/j.OaUMwUkJH4MXsY7McVUfGNFZPExqOCC,2
Alice 40,user165@example.com,$2b$10$COx0VQ8iB854CJE1hDZRxOizpy1mVXbAgeVO.M7f3UAqu6qIzx6TK,2
Charlie 54,user166@test.com,$2b$10$uu1D0l.QTrxfnSshC32O4e8DTfckGupSMLfNDy8cbe.KNu4V6yMh2,2
David 42,user167@demo.com,$2b$10$d5hWUydN0ZQOuh/.0bcAD./MOtm33F7naGG76c/hlyCl9Da97PNxK,2
Alice 34,user168@sample.org,$2b$10$3ybY9XiCeHG2q/nqns/sre4wSMRs.t65jV1lrs4beJ6P7vbAcOBo2,3
Grace 84,user169@sample.org,$2b$10$sjwSOwySSpsJrb8rdcGM1eFUK2q853Q6NhOU7L6TM.10C0OwNikHC,2
Charlie 33,user170@demo.com,$2b$10$xwfiexN7yJvNGQYCIZorueekq2j1unfueJl1Alp8h89trYvkLCKEy,2
Hannah 40,user171@test.com,$2b$10$VR/pSfbScNXinjL7XD43Oe/Ifv8Wyo8U840inGBaCFRR9tPKQ77Gy,3
Ian 11,user172@demo.com,$2b$10$0pCL3evT8LsfwrpIhgvL1eceVdkgzZmbwfHB..KuAgBhE2nql0nuG,3
Alice 52,user173@demo.com,$2b$10$kZZSbUkH8udQZmZj1ROo6ug.Qc6bcqSdPT9y1NlB6GRLHoIU2cRgW,2
Jack 93,user174@example.com,$2b$10$rFI.tX5uwlgoANGgpPpPeOB7G1oRcm8EFHByhGXV1i2uAylRnF4jS,3
Charlie 69,user175@test.com,$2b$10$N2LEa6a.SF4hXhjHAvgk.ertU6XqqZjKA2jmKMACDNbAYD2NNroX6,3
Jack 38,user176@example.com,$2b$10$w0l/G.HUt5MsgX0/ip4nte9MGinoR4qqOlhUsSHvZf4U1ye.MbX5W,2
Grace 20,user177@test.com,$2b$10$yT/CRGWHfxgTJgabJosLKukOAKJrG2BmtxLQfErCNh4Dr8LzPX782,3
Frank 98,user178@sample.org,$2b$10$aaJz/xd8PWNvnSf6YTV/gecmhw7yIfj0yxtzvZtzL7.FmHKJpB/Fy,2
David 46,user179@test.com,$2b$10$4TNR/HIbLqEiTWeH.udZlONc42hpgHjrWg0AL5Ojdi/LCgLBE1BfK,2
Frank 16,user180@demo.com,$2b$10$pUpKd/mgB/yI1zFcsLxJ8uALeiWXki0OPo3wCSIhMbmD3lI2r/l26,3
Alice 63,user181@test.com,$2b$10$9GXAJZRl42HnmTkNQ.SM/OsMDLRNbznDf/zRtHG8eN95BzEzs3wye,3
Alice 68,user182@demo.com,$2b$10$mpU5ad0Ykc/CFNpMOzB6MOnZg6n0rLbXwB0ZVdbwcx/u7FwkGOXCi,3
Jack 83,user183@sample.org,$2b$10$hfMEHC/yAPXmv3nM/Gb8J.YM/9HO/o/TBvhUiAXzbdlnpSg5X.8z.,3
Bob 55,user184@sample.org,$2b$10$7koRKsBS975pZd9K5jT9MOHE3NO.R3xirjBmeO.f4niRUad/az8/.,3
Hannah 2,user185@example.com,$2b$10$TBVdk8Wk6Tjsfv5xqHB0DORPuNY4FzgdCZhZq7p6wMgDXV5xSJJAu,2
David 75,user186@example.com,$2b$10$.Xs1WDKnL74SV.mJKgocpORuBXeZC2YY.TSqBPnB.GgMjbTuHKA/y,3
Bob 15,user187@example.com,$2b$10$053uEJ3wD.N3sWfrWD./6uv1pk8gRoeRhnJ8IvaqRibhqYK.XmTbK,3
David 79,user188@example.com,$2b$10$PFPL8D/kaD8oifjI7Cok6ux6nDGKeZhK/0XKjvuW.O2eFzDrKrJB.,3
Grace 76,user189@test.com,$2b$10$uSXiyBEe5En0kinrdwKVOe4mH33xdxx68hL1sK9YSVHDK6zm70n5i,3
Ian 19,user190@test.com,$2b$10$.vCFCZu09suFdUBSosd.6OSUptuqhzZgecFyEayUJxqL8zywzlT1q,2
Alice 2,user191@test.com,$2b$10$tSGBzBnHFhFvDFMeIjyKieqECDVAY2tDML1XcjNsPNVTlhfiHEwpm,3
Alice 42,user192@example.com,$2b$10$wwh7ULDMztobml6yTPTSReBAlYuNTlS.NJDM8rGn6WOnzYDk0ac76,3
Bob 33,user193@example.com,$2b$10$tAWzQctMHCT886Toj.x8wOXobtOcFqr.Wmnkvo8LrO4pcAfezHVLS,3
David 27,user194@sample.org,$2b$10$djPNDyzzXdu3WWBObPVEUuxVBq7f4FD8ImsEeluk.fI67Kuo.qnc2,2
Bob 35,user195@test.com,$2b$10$xP/T8E6cV6bSgicYUuQc8.JffmN1hikMg6iO4z2BSGf4WhV.4FJg2,3
Grace 25,user196@sample.org,$2b$10$ULjy196SJ0m2QyE3Xjlqn.Fqhy12UqV0K0XHNF8PGsSCdOyqt0NGq,2
Alice 97,user197@example.com,$2b$10$QYZV9CVndBQzRRSxMKlrj.jzyrCg2a.zwdF/hgkMXBV2S.VyCjTfS,3
David 90,user198@demo.com,$2b$10$uojywcCVnv130mSmNP301ulVVbDDwOP2cZ5YTBs1eERYi8kFxRgFq,3
David 6,user199@demo.com,$2b$10$PYMbPKJAUwk/S9HlaJjfsOYNoxs9Q5LIIA1F7vCn7msIB2MG8gfRG,3
Ian 39,user200@sample.org,$2b$10$.Yq5tKaLBSWvDy.N3Kju6ORidUtq9S7YxxIuhTVCixlE2svWICMrm,3
David 69,user201@example.com,$2b$10$riKMh.0.iNdsZXJRfGt6z.5kbTUnswAZZrurFZSy4SiLgpWOfp9eO,2
Emma 73,user202@example.com,$2b$10$jRSslkjZBqxw9Cf4QDMo/urPpas3GSXd2ql.qf/CzVYQMcgmgFZYy,2
Emma 53,user203@example.com,$2b$10$GpEKgWVz3/s4Dwe6th4VOOxbG1gngT/a1ZFQl5tlzBEf9FK0.YcWG,2
Grace 51,user204@example.com,$2b$10$bnMdNxKwjoQpimveeK4NqORtGh/RQQgrHmY5oreahAvUR5i6EifeW,2
Frank 55,user205@sample.org,$2b$10$A2yVzNbcd7wbtPrj0zpTjewhWUVjyJRw1zg7Q37W9PamUwANHUa0.,3
Ian 76,user206@sample.org,$2b$10$GhDu46RhaWd4CVd/MdIat.fR9OmYfBeU/Bz/qXJpu05hEFC8azhBu,2
Frank 35,user207@example.com,$2b$10$kC98ckKbDH7F6/oIAG058e7JM6I7pTkgOIcfhqZgPiofK0qcNEj1S,3
Alice 77,user208@demo.com,$2b$10$L3FG0hnzO0zlDZMYWf.aI.L9XK06Pqko368ucJndR/mUCo.0jnUqC,3
David 21,user209@test.com,$2b$10$cPbizb8QyBk0Qudeh7dxSe4pagoTywQmG.safO/jAHteRb3S1cv4e,2
Bob 98,user210@example.com,$2b$10$MzO7q7qmh6gBUPOqU4ONheIYIlpkXabOv.XiVmkGkIiOHzb5/mFLm,3
Emma 15,user211@test.com,$2b$10$XEk3S85ulDjDNXr7Rv4sA.J/tNIonwliy6u/Zc8DkA1umHR9u18Zu,3
Grace 41,user212@sample.org,$2b$10$LhtJuwTSOUwIK1r/OD6qyuCPB/eHyyI7zv0NPVPgHwvWXSiKyPfEW,3
Grace 64,user213@test.com,$2b$10$mp9kpJ0R/uLo6IZsYz7exO1U4hvhx9Ow083mDWTey6Lbs97rfH9Aq,2
Frank 20,user214@example.com,$2b$10$7e4ftYr0NCJmv.A6UJflYOOue5PrP8knu6p.LYbFp3Asl1q1lAYSW,3
Alice 56,user215@demo.com,$2b$10$580sQJ6pBvTp4gGLfBJ/aehrmNIBk1Y/MBieGM/F65GQFevcANGfW,3
Emma 52,user216@sample.org,$2b$10$8sNp11DD1RioAX5jlKZH3efzsCGT3XltjcSNTTg6lryEAk1OKQQoC,3
Ian 77,user217@demo.com,$2b$10$dsYAMgMyfYnX.CsaxBA5xeMgwlew0yc5dX04DlSAqwC91lb.ktiGi,2
Frank 32,user218@test.com,$2b$10$lCygR4tZeBraCqZOYJTRceHOwDYri1WbdnDXkIMndTq6LRA0xBgE.,3
Bob 58,user219@demo.com,$2b$10$49Qi/wHyyjMm8roAMcEphehWMSOYQIhBiiPOh2Edz7BehiACB2e3i,2
David 63,user220@demo.com,$2b$10$Fg17qLBj9AcZIjBFuEfWc.NgoVVr8y8msvYE4e2NlrByZtVNQRjES,2
Charlie 65,user221@example.com,$2b$10$weP2Wmjj9nZ6.mgQ32qhKe/yi7TWM9sxqJ1zr6ikSFjIsq/zUh/GW,3
Ian 24,user222@sample.org,$2b$10$a8lzoXXk.QUSWZooT0kj8ecZR76PyfAMR5j.9DNAAIeZqRIQvVVTq,3
Bob 50,user223@sample.org,$2b$10$NCzgKMy/h1vYSb/jmLiCEO//wBogAoGd05nilkMyOXa7tiOjiSrz2,3
David 49,user224@sample.org,$2b$10$ePwOj7BWegz4dOmwOdxFUuejH1hGzjmJft1ma4b6jA.0ywej1iQUa,3
Alice 92,user225@demo.com,$2b$10$LFbLi6zowA7yXOFZocKJguxVuyRXk0KUccxI15jMzmAn4aejd/Lkm,3
Bob 18,user226@demo.com,$2b$10$WUe1C8z2PSPVMpfHBwwQveeu4N38VhpesVfOnVhNgMUJu6IJEy4lG,3
Charlie 37,user227@test.com,$2b$10$5WT47tucjiwmzGCp3VpKdeiojGrVdOrNir8NqsSrWLHPkiz8y2g.O,3
Hannah 10,user228@demo.com,$2b$10$m/YIdhKltGaTmSn16klkFOjFpezF1iYQ7k9vq4dXfUpL9XzXfDZnO,3
David 47,user229@demo.com,$2b$10$eER8nv3SXrVpuwPBJCDgNungzxQxtFuRdfrfKqiwbftGRc6Iw8yM6,2
Jack 56,user230@test.com,$2b$10$JNHyGjt8NlgsGCxmHWBRieMO.v6cnpSClGljCEGvdHiwk5nVGDwWO,2
Frank 42,user231@example.com,$2b$10$QUkllQZ6jQybYgoJhbjIVOTny4NwAs65jTzfud/2N8M/cI1htasT6,3
Frank 66,user232@sample.org,$2b$10$WH/tg3EIY3gRV3XWDfTUeeDdcjRmLM25RXddjjrwAV/bTiYCKJuDa,3
Bob 66,user233@demo.com,$2b$10$UjJfA0Ovm5xpwovMFGiSNOlQofV3FcTxBlKWl75YKrcSKY5KlW.7.,3
Hannah 4,user234@test.com,$2b$10$Z25q6ZcdzqbR1G233CtX9.z0beLxmTvnyZQGDPvUmkVaqjBBSjn5y,2
Grace 46,user235@example.com,$2b$10$J5Ovxmeq3/XrWyhjDWt//.4fXCZWfUZZgBsGGhwg3kRIOqDAwP7hS,2
Grace 77,user236@demo.com,$2b$10$10QonrsCYtChnFEKepkhdeleGiAMhCtRm4DyGPbBI2Fmtv3sHcboK,3
Frank 24,user237@sample.org,$2b$10$3gSEOFlPRVBc.3AU6/JuuuIaV9XXy3wOC0/v9vf0uH2SfAVtBPIhe,2
Alice 13,user238@example.com,$2b$10$VpW21Yl6qRObuaShDtQvI..FwRQfA98HlnUY3dPGtFCp5ywkVQvT6,3
Ian 3,user239@sample.org,$2b$10$WWmO9lf3WVunHtGwXBQHqeSNigrEAl.QZqJoqva75pBsAU3OPrd7u,2
Bob 72,user240@test.com,$2b$10$iT7oaduID/PyFFxRwTcKmeU6C6iRjIpNCNEcFkeONFt.ZsgmxNGkW,2
Jack 26,user241@test.com,$2b$10$wYtlqUyng3pbjCQTAH9kDe/mtat.HUF26WmgD5s2/4k3UNd1uR9ea,3
Bob 12,user242@example.com,$2b$10$9uRkGIEMQHuKHc6GNvTkmObaYQpp7x/jGAFQkn3TOwl1EyeiFocam,2
Jack 36,user243@example.com,$2b$10$E140K4F0tWc23IIbRlKhNeCJlazgFXyS8ocC3hmChOkEBzK6R6xmK,2
David 69,user244@demo.com,$2b$10$cmghcOTfl0wqKaa.zpNSe.r.0b5DAKBXrvNrk856xy1Sud2A1BNea,3
Ian 73,user245@demo.com,$2b$10$3GSTgt7m3jGwVi.Vxi4ubOD96W8O9ebIOXoIKAIB9zsDFJGpUP.s.,3
David 50,user246@test.com,$2b$10$HIZFpocbiMm2Q600cp/13e2BHroC98ZTBwIKAj.x2nsKu2c0uW8lW,3
Jack 49,user247@sample.org,$2b$10$GFbxsBE4oYS5EnWLqbkxQulYVW3XduC9iXHcHr2kZgsJ1TjiR9zCa,3
Emma 29,user248@test.com,$2b$10$yhaTYhWJyq5wkKxZjwhAnO/eyeeZuek.PI.ARaLZ/Q6FO2JQC3Igm,3
Alice 39,user249@test.com,$2b$10$/PTfY5wBScODq0vv2ku0Ke3g.WJUVc0pFAHjVm6Xomwp29lCROB3K,3
David 95,user250@example.com,$2b$10$aTtO8ulVROQ.ZpSgtskvyeAq6PThuPD4FoJqeO8y5QFZoZmEHAgjO,2
Grace 48,user251@example.com,$2b$10$LfDCNfq2xk9u/DCiz2.Ov.yi/yeDW02BI8ra8Bjaewla9hKH4hcmi,3
Frank 1,user252@demo.com,$2b$10$eBCbniSkdghBJt7JJxvkXeWY8eKJyu2947bHg4fgOKvJrKORsfGcC,2
Charlie 16,user253@demo.com,$2b$10$gqSiZMIDbi7S7rWwJ4I7gedcFq2Qi8z0whm23igw4g5QufuO7pheO,3
Emma 39,user254@test.com,$2b$10$v/CyVMh6ClpZJAFPDcvlTOtIEJ31QRTeg7DrtY3RD3LlRs7fdGahi,2
Ian 50,user255@sample.org,$2b$10$OWQrrN4y1FzuizcPFi1acO1DISi8esraMzkWAduhWUZhjOlwqlzSW,2
David 7,user256@sample.org,$2b$10$pj2VIRZhwM1nDELC/l3GA.5s1WDXgzfAHcDIFmIWxE4io725q0Yu2,3
David 88,user257@sample.org,$2b$10$zkLSlWaRLcvVkT0LkzJXeOFv4ybderqvazm14LEsqGV8URjbeYjmC,3
Charlie 99,user258@demo.com,$2b$10$UfnxT3.kXcZVkoaWTLVE4eS2h9vnH/wTH13yROHuC/o9I8sS2Dz3W,2
Jack 85,user259@test.com,$2b$10$Pfm8GAgNSR6XfDeTOqekkucrLZimh/9q0qlJ6Cw.aYiUXNQHtVhYa,3
Grace 78,user260@test.com,$2b$10$Srlz/Gw.ctW4HmDftJg/U.uWtv7VZ8mjb746T/RS1ZlKMvvWtFfzq,3
Emma 94,user261@test.com,$2b$10$QTyrtstRPO4e57S.1sVfHeSqTAd4WDtBE0.PMAyjNG7/9rCHeXDca,3
Alice 62,user262@test.com,$2b$10$yRqeN6ewqjHgNOZq5zLuheGAoGsbMnFad5MMV0H58WcgNjOaOqXDK,3
Emma 46,user263@example.com,$2b$10$eY9DvnETf4UMuJjbDkPFcurZf9BPuTZsKupaxUleUb9SUL429NZ1a,2
Bob 33,user264@test.com,$2b$10$BYUJaKYDlsuFdDDA9YnM5.AckLdg6EQoKgj26WSS7GwT84qf0Uyxa,3
Alice 68,user265@test.com,$2b$10$tbfb5b9XoTaggAkQJvcjVeoYlSHcwvlFZqwVkArNJ6cpn7sgS2/jS,3
Charlie 72,user266@example.com,$2b$10$UqdUUPepT3YDbPEcmgd0bO0HO11EjPgmUf30bXheAxBM2fI7AE9Ku,3
Jack 33,user267@demo.com,$2b$10$ZPBHHUk3YaNeFCU8DKbGR.reQzyjVoYsh4TyGJuDGCU2UIm.3wspK,3
Bob 39,user268@example.com,$2b$10$lWkj6k2Xfb8.zQW5SxOFE.vZPcDXrgqtCR056M5827utqpKlhN67.,2
Hannah 99,user269@sample.org,$2b$10$WAekUJzXbdVIpXgZdcuvcOMqcON7x0t8X0wPfhqsk5okgIw37/E/W,3
David 86,user270@example.com,$2b$10$cxkgwVU8oJBDbbW5lhMO0eJV0NXfNjM7J2p91BtNmvHrZ.GjqcXye,2
Emma 50,user271@sample.org,$2b$10$vcRiUckDwauKtWosup9eDO.jLopJyWKpeBZCOURSfFw0GbYTq885i,2
Frank 8,user272@sample.org,$2b$10$Qbp/.9n11PBRML6Rm632qePICl/RM8KHhPnvyH7TiPw1YBLSx8QWi,3
Frank 17,user273@test.com,$2b$10$lqZo8qwkgz93rJX0K/mMTOAJ8W4q9bd3VKKSKYIXK2WOlDAKLs5De,3
Alice 18,user274@test.com,$2b$10$6g7zQgjctTfYh.DQdC2bCuEbakSHEaKnULFViiEatJHOTTnBl4/Jy,2
Grace 14,user275@demo.com,$2b$10$ezEiyHg/gZLb8PGr0/NLS.w/Hehr04HtdJNlI78jQ9DfNpQ6.vidu,2
Charlie 93,user276@demo.com,$2b$10$/1ecXQfSdTb9vcYBFfDOiO6ZipI2yz9w7zsPu4.4IVFpOM.NdIhVi,3
David 97,user277@demo.com,$2b$10$eOsA35MYY00FBI8YCWaTbuiQdblogblepMPQZYdexbH2g5Yf/29EK,3
David 28,user278@test.com,$2b$10$8FOx1WgNMl1/wKnW9XhxeukSLy7qYxY.5j9doPbIcEff0E6OeBbsq,2
Frank 42,user279@demo.com,$2b$10$lzaBrYrVn7YE1ytULzzaSeewLJJxS1W4yBrWTQqAJaI.zAQcPpmT.,3
Grace 67,user280@test.com,$2b$10$N2AnrEf.1UaOufSqBiwmUu/FlLdOuUUax1v/vy2Uv58FL9dha0wES,2
Hannah 26,user281@demo.com,$2b$10$IGhAHF6qg6HbKOHepdOUUujxCs6b/xeLRsWXh4YqeH/x8Y7AY.y9i,2
Charlie 4,user282@test.com,$2b$10$UGLjxghgVJrwp9/EzGUbzer5E6DmcuQaFUpbyeanM73rN0BGVQQoO,2
Alice 3,user283@sample.org,$2b$10$yA9j6Qs1F.qhkq/DEIpsaOKUIflYmBcH2NDhl/UoeHeBaRr4uic1a,2
Bob 52,user284@test.com,$2b$10$0zsRthSXKMw/4SLhL1.26e5omjrGGCZBjJFFy3HrLYm8i9JeMl5yS,2
Ian 42,user285@sample.org,$2b$10$lDlvy1TMRpzb6tF9ixSESedZ.dVx26lcwZMFt1aKzEF8xlU2ZRZWm,2
Emma 66,user286@demo.com,$2b$10$KMLj2svOhc3q2xqaeZklEOMn0p3Lieo5sMxb0g3qigMKteD0rH53y,3
Frank 42,user287@test.com,$2b$10$q5AoUTiqfNnDE6viIoVD2eVnJpZCEvEygNJfaDaQzC0iIA6SVKsqi,2
Frank 88,user288@example.com,$2b$10$eRIzdkqMAMnCXYGuWsTAju3U5vjlX5.56k5QT1Qz6xdkBXhazTxdC,2
Emma 79,user289@test.com,$2b$10$nCqjiMosBTzLz.zVpPoVnec0bf7pJpPlzKJDoMatl/rdpfvAo/a8m,3
Hannah 98,user290@demo.com,$2b$10$RKFU1wm7gDG/DHZqc27slehdpEd8ZQ7A/Ly1XZLjCmHdrm8js0y9C,2
Grace 46,user291@demo.com,$2b$10$upI1.wzCHNSnjiYfLk/ybO6uTGH/iuj/QtuwZ4i9ilRExKOj/WN96,3
Emma 75,user292@sample.org,$2b$10$hNVP4eHuzKgqX.ZUFr3lyuygXC5uP.eQTeYqh1jV/1oD3IyyI2Gm.,3
Charlie 60,user293@demo.com,$2b$10$Yund03bTQZ/NYKu5So72d.MmWAropHBAW1s.zmycBZDRTILP7zGC2,3
Alice 41,user294@demo.com,$2b$10$37.sgZS4rtyHnjPR.hFCv.4IyS8GxOGsjj6/9XmHF.PsaG5zviKFy,2
David 38,user295@example.com,$2b$10$LklNPyHXxIqJUKCVNselaeD4kykiutyYazQVKq4yuy9dMjkz/Xl5K,3
Charlie 25,user296@demo.com,$2b$10$pgZswYUjfPNpcKt/mpWRReGccPrZO0pUPT9.Ce8Ak.rSaFQ7mBhty,2
Grace 21,user297@example.com,$2b$10$m9oKyaR08xpsRpIgs8MmC.SiZ3t5zFK84ny47zFJeY2L62iY01SVu,3
Frank 43,user298@demo.com,$2b$10$NfXbt8/Ftp4ZyBfTSejtFuaSk/05lSiTqFfg2KPUMQo1m8HYzQQF6,3
Bob 87,user299@sample.org,$2b$10$VxAAL7FZElkpjmUhnEDtE.qngta1.A3G1ZPKjveOQ.WAsxcyDLoCO,2
Ian 23,user300@sample.org,$2b$10$WhE9G59Ug8fjriG8Q9v3uuSR6ed1ug.gZkKDbeGa1LwrgoW3PMSVO,2
Ian 52,user301@sample.org,$2b$10$Ip9I4bMQpoT9V2KVVXAlouW1WdMkF6ZohNLwlknI34OWj2Dj8WHEy,2
Jack 34,user302@example.com,$2b$10$A7aBC/37yMawEGh/YQeZOOwFE3lXuy05IDKWrPFozWdrdiWCRJrY6,3
Hannah 59,user303@test.com,$2b$10$XHydIL4MTxbJxtngCV6DwuWg5ODMnx22OiqOY68HmCWnsQC1wgsOW,3
Emma 56,user304@test.com,$2b$10$AgcJBKIRtYiNvt5cOJsAoO4D5B28o.qfYr.99OaE/a1BMrUuIawCO,3
Jack 26,user305@test.com,$2b$10$m51i3TMqWVRdpjRE8FqPAuWuzOttBmN6.oct1sgtSohaPBPBPoTB2,3
Frank 21,user306@test.com,$2b$10$x8UIumaztVE56ML0PqyysORGVSpV2wpnSMeA2q1..73fUfgcFZMCu,3
Bob 26,user307@demo.com,$2b$10$4GiNMVsWT25iYlV6A9Db6e9CKQiWsCRlxoP8nMvSJzkBrUPYcA6Ui,2
David 66,user308@demo.com,$2b$10$rw2RYSxUi83MOZ.TdqZrWeTjxZvQUnwHBnSi.PdwzPl6t//E/xFa.,3
Jack 35,user309@demo.com,$2b$10$s2WsSqhAVrNnWVFOCQId0OfKO7JJsfBP8ySFH3Ste2FtPBqrncyGa,2
Bob 10,user310@example.com,$2b$10$kJsGZv1mztbf2bVBRfpi4eurrixtbmBidNx4ncvaPO/56phT9BV66,3
Jack 81,user311@example.com,$2b$10$O5yK2zFnhHroa/3ifSJDMOtlPYopj9jCQ0gVSNZlEG9X9/07tdlpW,2
Bob 55,user312@example.com,$2b$10$YPeTxYU8MLeWS.RBWu.7DulKKIPed3hmtjrZFPspPJUCSTcjYwd.G,3
Grace 75,user313@sample.org,$2b$10$AC17d4G9Yk44WN0FxoHemu8cuwx18lB.xK6GS/82JB79BfCW1jtxW,3
Bob 47,user314@example.com,$2b$10$s8VKpqDmhwdhJcc.hsM0EeGF889paHrVq1gQgL6PlYL.gZejjcEmO,3
Frank 54,user315@example.com,$2b$10$X108VR01NbyoZ0UTZgqiDuMCuTPG6NjdDmuq2jTOKw/kfFildopAe,2
Ian 100,user316@sample.org,$2b$10$s7gaigmjE4g/P5SjsDGo6ey04uZUtXGN6yY6A0QHBH3a4yvy0a1bO,3
Alice 78,user317@test.com,$2b$10$lhmH44DO.eJ9jP96AxZCVeZPYcEogcAxZukSDm6zISwUsSNmDeRAK,3
Grace 33,user318@example.com,$2b$10$w6cv/bs6XZjfYBu07iodeeaKiKbjhMDOK7BkazOgPZD5naUIdl7Qq,2
Alice 7,user319@sample.org,$2b$10$N3v/NyaFLoz9dQXZLOG6/.ovMOiJBX8j0YQcN0ZuJcDcTOw5XZ4cS,3
David 57,user320@demo.com,$2b$10$1Qlfz6Zm9p04NXtmgb4w1e/ZB/X6FfDLyIPeYH5OnEwfFYGH5aHBq,3
Jack 91,user321@example.com,$2b$10$gAM9CqhLtNfRAxB/.agsjOU01DlVAjeH5bKu2mpoj7CHXSBDS2xL2,3
Jack 7,user322@sample.org,$2b$10$1sBguT3H9Kh26cRhUsJ0Nu8P56pUdKStvfVg35w8/EgtUP6dSFHa6,2
Alice 54,user323@sample.org,$2b$10$J9GY1CGLbqZl4V/O5.xbF.FW04.9cBYhOrlIBD5WVrSRhgI7xBJAO,3
Emma 36,user324@example.com,$2b$10$TOGbnDV48U4AXm2u3pTpXeW3Z0NXwzlfSlKFGMq.R5QHQ9HoP7Ocm,3
Alice 53,user325@test.com,$2b$10$dgJjrvSzeYpg5NHpodBfHuKyKRlXmecPg7ReEc9zCnPhT3N3U5Xia,3
Charlie 26,user326@test.com,$2b$10$n9Qhm.Vxnub8JOg06IfHZeqJWZPcuLY1A3NLpG1O6bA16yQKa5Ak6,2
Grace 74,user327@demo.com,$2b$10$HZWZ7DJJVso.aP0.00FNpeQBS4uiLxPqS5ZvUazHJZqv7K82VRjUa,2
Ian 86,user328@test.com,$2b$10$HSU.Mmtg9W2Oj9MQMyuuCuUM.gT82VMSOINsNzTVP4.VHJC7haMVO,2
Alice 82,user329@demo.com,$2b$10$9hFP7Uz0.1y/1aBJJQWVsuibzFUU.nNrbFhNOVHBA0GsZHlOu8da.,3
Hannah 31,user330@sample.org,$2b$10$7lRugB4/MuSWXCf4HOah1ub4l1TmSw5oK6qH0NKDmTAnFCVG5cz7u,2
Bob 35,user331@demo.com,$2b$10$/AA4k64avp30aJWJdBYq5eNilbGI4Ee0eWaIsGdxugMUD1fsBoQcy,3
Grace 36,user332@test.com,$2b$10$dCe6k/Mz0GB34/AECWb6FeIfnhNJ2moGoX4vstnsv8UN3hgsqU27K,3
Ian 21,user333@example.com,$2b$10$nzCti4YV9SLhCW9nFse.iO9GOTo2i3vOSnpWA.lRbfLFrdpAM/QLO,3
Grace 75,user334@test.com,$2b$10$yjJS8z1/Caoon5I3xLxrvODudTb1K3kiUPNZknKCCl.KjhNNyJvM.,3
Alice 20,user335@example.com,$2b$10$mIfirgOXOY3nljsCGd.tfeFtgrvsnqoaxaDWZ4/mwXSGEWvpqycyW,3
David 30,user336@test.com,$2b$10$kwann/qEHauPq7k3vdym1uVjFkCd7fpvPxi/m.m0f8RrDr28ZjxEG,3
Frank 8,user337@sample.org,$2b$10$CKHKXUfVdNdRaTDCKzY2PeIXOjuDEOj5h8kq4LhfCMUvXxGkxHnY6,3
Ian 41,user338@sample.org,$2b$10$Gbb3OV71u2P6UC7/spWfOOiRWXvTCZQA9h1323Mp63QTpMSzBdyh.,2
Emma 10,user339@test.com,$2b$10$uXFIoFHruBLVsFQ7/hReXOg0EIj5CzU6ZTEn1dZAWI3l2YWRJs8FK,3
Bob 12,user340@example.com,$2b$10$2Ma/IYK4O6G0Qw6KFbFAru0z534DTJhOw4RXhpXJpQfqEo7c9EMTG,2
Charlie 1,user341@example.com,$2b$10$oUJLPXXMTuZxBhxS5hILG.gR0s.oqM85qa/n44pQtqe7/mfxfGGdC,3
Hannah 74,user342@example.com,$2b$10$jVViSbZ2Us3vYrWYC1DpLOS6ceCuv672tKF9xCyT1W6OwJ9wfI6EC,2
Ian 28,user343@sample.org,$2b$10$lJy0jZvu.zUuyYLcBvMsGuKGp249U2LJZtBXeoOQ5fgF51hCer.JO,3
Hannah 65,user344@demo.com,$2b$10$czz8ASdCck2wcfSbSzuVbe/nBG7a.ghcH9jjOtL5SIodnW5N0EhAK,3
Grace 89,user345@sample.org,$2b$10$pTHfp82rVCsN7fwrehJrY.uBVL384nwN4mJmkrbWhOMaCkivze29u,2
Hannah 20,user346@test.com,$2b$10$YrPhjoABuGxcLDBKA2cegu/Gv.AREq3FaLSi6P1obGqqw4PMu7CI6,2
David 62,user347@sample.org,$2b$10$xbOzsWcUd4w3aVfBUzJls.mf4VJ0UEv2osPBqO7C.b8U0Kiha/fbe,3
Alice 16,user348@example.com,$2b$10$KAb5FDWbdRaTPV6rRo.MHeYJOMHkHZeZHqfz30ZsdksGfvt7p9CoW,2
Charlie 56,user349@demo.com,$2b$10$FJuKvoAaDvy5sHc.s8BmmeWkXV2Sd3Dei7E0psoAnkr5eI1wFN9r2,2
Grace 44,user350@sample.org,$2b$10$gp7bjYs.1BH4ax0.WscZy.9Jo4oGxSM3DBRFqhgovmficXNqjxrna,2
Grace 95,user351@example.com,$2b$10$7IPv.XK6X2aa/329XWl4r.OoAC7FbniqyUWavC5QMTAhPrO5MGoje,3
Ian 76,user352@example.com,$2b$10$.EH2ga2xY3lhRhRr.OH1Buz4I2HZowVc2x/.ZLgSrChPi/Okathfu,2
David 53,user353@sample.org,$2b$10$Di.xzHorSB/T4mSjE.ftyOROo4G0dF3VXHyApWI3mfXVPdKLpjSyS,2
Grace 37,user354@demo.com,$2b$10$/99q6SiNuw9Njva4QY3Io.Zk93GWmrnkUNeC61PfkO7TPZg4b4VUO,3
David 60,user355@example.com,$2b$10$PmJilDqs4VZNhOgyuyjYSOKf80VTxq05POXcAcuOoYns1A/kGRqV2,3
Charlie 38,user356@sample.org,$2b$10$3TmUpqH0el1mDu5xCA/OzOrV/2rpebezz2SQgOcizhptaq9Ih7B9S,2
Ian 36,user357@example.com,$2b$10$JoJzWYFFXmEbHW41DZkdiu4ycC2IKljpjrH9p3WNd//8z/i5TR1WO,3
Ian 16,user358@sample.org,$2b$10$KlG.fx4Kh166l8Nj.FNrcuaDHEAZgfYA4UXoRvqQaTkzfBvi2zj42,2
Ian 49,user359@test.com,$2b$10$3mrLzG5zI1wmJXE2YU1VH.91gLFmydh77XJ8DTd6zZawJh3p2cN1a,3
Bob 99,user360@test.com,$2b$10$LP6MSQO50JCH5zX5NkVoteLmvTTrgr2KEj5gXP33fdOkVdGsdWLnW,3
Ian 72,user361@test.com,$2b$10$MCGBB6wLXQModAcfXqEvDujFq848veDEuQoSFbTSilzUUgKXYCq/u,2
Alice 23,user362@sample.org,$2b$10$BWnKb1GSnT4BirEMwN/a2OBGdqLo76LnYQ.UvSappbkQiUAJimw6u,3
Charlie 6,user363@demo.com,$2b$10$Wv2daATuGmEWjPquirfGx.sIDKz9BLez.MQ4rY3COLDNWzQm0WWXu,2
David 66,user364@test.com,$2b$10$cJWi1gpvDazrbzjeNgRane9CjChODKpaVgyda4ZY1GlVsIywpzSkG,3
Hannah 83,user365@test.com,$2b$10$M3kYS2bPb1prqu8VRZBN5.PPkY4NdmhGOAV6HG2MgDlq9Z/GETpQi,2
David 63,user366@sample.org,$2b$10$glVhKjbcGXB.6TU1l0mNw.jM/n5oLZVqHHR2UYN/545Dx49CWm4c2,3
Bob 87,user367@example.com,$2b$10$.dAVrwToj79o5kDHrZlUeeV33XGYAQdhYCgy9IIUJ2xkLQ9XjqJn2,3
Charlie 28,user368@demo.com,$2b$10$Qo.GLdNf2QqqmhpzaR5sQ.qtjhAW3d82kV.UOAlKAuStq9P0lKU9a,2
Grace 37,user369@sample.org,$2b$10$PR9/f7QXAkug2X6JyTpSHeREMGAe1hmlgjjGMSRgBwiGQS0j/tZTG,3
Charlie 50,user370@test.com,$2b$10$0NiVlLcS8afO3c9pp4yq3OVq9P/cW4z71FIyDWeMhXg7B3xRdRWS2,3
Jack 100,user371@demo.com,$2b$10$x6F7VF49weaKVqrrlMS/I.pWUThAPetWK45wKoMzDLWvfNXcekzHC,3
Emma 64,user372@test.com,$2b$10$5bfAA.0ItZ62qIckWkLz6e6721iokZBSzp.EfiBBMPUZ486IX0A6O,2
Emma 12,user373@demo.com,$2b$10$1Yuz7iSVDbxyosBnt23GJ.QLYAVtwyCb7miyvffxU2nnro.YA3Igy,3
Jack 82,user374@sample.org,$2b$10$mxo1oPevYszzRmGOc6hPDOYA.r8BcKfz57zqaqtAGn.oDGkuU76Ja,2
Charlie 45,user375@test.com,$2b$10$4Fl54dryZUtvdsX4tB5X/.LtM0DojJWfJdIJEW1hvyfTjbGmuzr.K,3
David 10,user376@test.com,$2b$10$odEQ0KNw62tLwyW6uVGDj.MiP/W3YU0x6U.sAt7i12DGui7WS6qWa,3
Ian 60,user377@demo.com,$2b$10$lfEq.O/xHiuXbQVOmIqEcen0yetg5Xqe4QTwf2jI8vwBkyu/1DS4y,3
Charlie 15,user378@sample.org,$2b$10$0Xv2gFI2eMUZQTqleBlmxucAwBJ8e24GOUDfFUV/7nyfU055r6aYO,3
Alice 87,user379@demo.com,$2b$10$aM8ujKu5ttLCSBvSUIZ0BO.1pL7erOo3obVLU10CGKGErmq8yoh3a,2
Bob 54,user380@demo.com,$2b$10$SJORVsBvfJ4h1KSNqStZH.M.NpsMBmsk2sKzya39o8BN.P2PXbWMu,3
Hannah 16,user381@test.com,$2b$10$akc1/gRPb8fQ6Y5MQnBlaObAOGaBe/2qRPRs3b52.jytSlBcxCd1i,2
Charlie 91,user382@demo.com,$2b$10$yS0BPW.0knIl2h6QJAybV.3o5w1I4kCWDjEptiU6dd7eCA8OCGPhi,3
Jack 42,user383@example.com,$2b$10$4XonY1HsB6sp.TyiEgAT4eFv4mr.LmC/cHdCoiNFYmVuM10MeQOWO,3
Jack 28,user384@example.com,$2b$10$6hUO9WxEv3KsftAEC.YpsOWZI6RJUOGWOtECL0HPdZ8q35POsk0Ai,3
Bob 85,user385@example.com,$2b$10$8nZry/fL43lG0vpY/WIMFebr6gKgxk6wmWcPVy13edZB3st8RSVpe,3
Alice 65,user386@demo.com,$2b$10$5jSvULFhktvY.Yh4N9LMwueD9QP7lvb8n7QlyjqH.RTYBQW8dPTt6,3
Jack 21,user387@demo.com,$2b$10$o3sUL66Dhm/LLjHoI6XfXei31vGgUevRDaIaotXn5QVUnLdWudG3q,3
Ian 70,user388@example.com,$2b$10$aBr9GpV/qP4gha70wvvdZ.P/dfJ1TcdCuqcz/rQB3C3yxcb40wjvq,3
Jack 46,user389@sample.org,$2b$10$6INZJqLxNsI6N4pDjRRNl.ZS7.eH2T7G09o.jW59PTjHH9sWNlsBi,3
Emma 45,user390@demo.com,$2b$10$Jythf2YQWkzEE4v/xJepHujg4OimwvaiNj2eBTtDJvLMcW2J9Ixci,3
Emma 43,user391@sample.org,$2b$10$fj0brN3/Lp.V0E0Cm0cuYOGnJBFi/w8NFUx8Uvar0izQ7nFIhM5my,2
Ian 83,user392@sample.org,$2b$10$xrcZ4RiYKSgJcldFld6D5eQxfatHEIV2sQ4FkqhBtIxq0NyC/AIHG,3
Alice 44,user393@demo.com,$2b$10$KJulo.xWdYskyrY7durIz.8kZ64NkAQXuDMYClvg5ur04ynbYI6k2,3
Hannah 92,user394@sample.org,$2b$10$H7FcCRUNR6C7QJ7bnr68L.8E23G.1Hbl8eU0YqqvKfEY.Yi9xGLbO,3
Hannah 18,user395@demo.com,$2b$10$VezJgtTKEQxBERdv0gnw/.jBYhJVKHQbK0r0eorA6ZTFnx0hr5ey2,3
Alice 51,user396@demo.com,$2b$10$TbrkZvuR.N8Pkvi167oX0.jng2xfPgr02/K71ZDDTNn14pk6LHgAu,3
Ian 31,user397@example.com,$2b$10$lBZnX1QY180ZyhFo35yuku1/H0h3EFXqvTZ.M.52TObkm9h81KUrW,3
Jack 31,user398@sample.org,$2b$10$tlueRitULwqclfB4rESq/eeUjDAm9v58.VmwCW5HqtBMUzHNTNAIy,3
Charlie 38,user399@example.com,$2b$10$zLGz.YgC9qCif.w5xifnGeMbKvU/bJ4Xzd4lTHkAooCnspTxDViFq,3
Ian 89,user400@sample.org,$2b$10$ncrMhIkEChI2K6OUCg1VT.6xjpBjX3l8YtMITf9sb9t4l.BwWBPPy,3
Alice 7,user401@example.com,$2b$10$kFssPYu2Iw70KmoFOzh3XuL/4OwFUzZLHh7.Ph7I.xR3cxy81f5X6,3
Grace 30,user402@test.com,$2b$10$00PfIEFbV5aYsmnLKbxLF.wpS5snhDg0qCNrhdykO1PDhQ1Lwrww2,2
Alice 16,user403@sample.org,$2b$10$6Drr28uy14LR5CyQNVS33ek0qFBPPlMW88B0VRfQdTZSGZjJscdcm,3
Frank 22,user404@test.com,$2b$10$D7JdVh2gmOeJ.jjLk5hl0eOe8ZPjWB0PkFTF846ZXJVG.yWSJEH4y,3
Ian 89,user405@sample.org,$2b$10$a6fMk3klYndws.v7eJVLC.hLAYSxpFp5MPE/1CSYHbFlGlM2y8xIK,3
Alice 29,user406@demo.com,$2b$10$v7yxrQBSJ6OlBMX9R1VEwOK7btXyijz2lWTwMrAt69x2fpTc0TVN2,2
Ian 39,user407@example.com,$2b$10$OakrEvzMK4FJGulhKMNN2.tokP73.OvmEPSRYV0NHHD.d4nXiycxC,2
Grace 46,user408@example.com,$2b$10$pgCDvUiGJqWEhnLgg0IT4.cc3TrjLSP2.8G3rZ/LLIdMx2d23KinO,2
David 38,user409@example.com,$2b$10$ZhONZXZU1VUgSzw./dsZyeM1wYytZGU.NOT6pMY/0Lbh1NZm.LpsK,3
Emma 45,user410@test.com,$2b$10$Lh.aop7E80sZY8sKUuUj3eUyuQ6SJH5Of8pthFPkbkN.tn7XvugRO,2
Bob 79,user411@example.com,$2b$10$pWUOa7Hd/jOXHdbv9WEg1uFe0eIDb4ikrCFRQjLyqqvyHDys0GsUu,3
Hannah 99,user412@demo.com,$2b$10$NKTmmRUqFmqSqJkTMnBsuuWi8lV.hW6tNeWhT49E2GVmBYWgUXISS,3
Grace 8,user413@example.com,$2b$10$IYa5kxZvItKC.wcLuDe.FegrjOd8bgrp3/LX3RvP3AXIHn0hGBvI6,2
Emma 41,user414@test.com,$2b$10$1vd5kKqD.biLObDcdbWc/us8paCbPeuEgTTNO1igFdwM1QWuS8uM2,3
Alice 86,user415@sample.org,$2b$10$W2OJ0PQgq98m1wBoV5IA1eFV7zH727fAdyk9mOAZcn2LdNFpk3WWy,3
Frank 6,user416@sample.org,$2b$10$QM4wBNUwEU3bVcj5iLEXuOumySUmNEzHjg1Wlne2BAh/asmV4xTtG,3
Charlie 23,user417@test.com,$2b$10$Z1t0Jfp2w23Lm4ysgBuXpe.NvHp1Yl6DPSetnLlYyEufk3zs9mnKW,3
Ian 3,user418@demo.com,$2b$10$D6QmM9/Xr/qKsUUPy8yGVeRA3ahvipHxb63XIjxfwr5F4tePjJcse,3
Grace 81,user419@sample.org,$2b$10$TIuAm.FoVnvPd/QsNfpaseATBwqrbOw/6d8dc5s4MBoyL95nOzvne,2
Charlie 64,user420@example.com,$2b$10$5wlxhBVQqB1uRJRJZ9d/B.bd604vJUCwOnP9PIib7anhVDClWhdPG,3
Charlie 44,user421@sample.org,$2b$10$wrN9.0i63jSVKYqoBtdpbePjwNd.f2TkEGejZ38JfKWIgZgIfRl2K,2
Alice 9,user422@example.com,$2b$10$mqsBnzto9/.B/jsUrsrWVeMNcxP6am4hUHoBQIl9UX7nCX8jGHDHm,2
Frank 9,user423@demo.com,$2b$10$Z8oWhkFmuJulyB7LYB9pJe5dFVZnwMCSGGpCO.ampZNdtFm3fh33S,3
Alice 32,user424@sample.org,$2b$10$MVi4XmBVACbiJOU2Dsixw.fZYYmeY7pUNDs9Ls9YCPFUKY/7FjyAq,3
Hannah 80,user425@test.com,$2b$10$ijq94bgym4wL4xEUgPHr..zSV6uES9kndLegmyY1rcTilW0.8hjbi,2
Charlie 15,user426@demo.com,$2b$10$uBvbvpCGaeIbKlT07uDLKetL3HkkwuqnFzZabe3HGK6FdT9cjf1dK,3
Hannah 11,user427@sample.org,$2b$10$GtDuMagtRX4XeOeWIu88VOY0P7pqnapAoWNE./8UJ7n8aNeKFeTpG,3
Charlie 39,user428@sample.org,$2b$10$ERsn.6244SPjndpHetw4tuxLBWrEJln8gi3n3IDYyfXWkurzpJiyy,3
Jack 67,user429@test.com,$2b$10$lqQas2jkHVNFjFulv9qeY.S2ySHSlIl0PbnkdxImmgBMLtH4U6srm,2
Bob 51,user430@demo.com,$2b$10$UvIIC82VgmLdMehFwCKWXecxCFmn0vmSG4wZgXUQmAVyu6U9yO72G,3
Frank 3,user431@example.com,$2b$10$0zh40D2JAf07qKyP8wEaiuy5DnchsYiAY0Z0mRB1Z53jq7X0NKiny,2
Alice 54,user432@example.com,$2b$10$8srwuiz1bWQ82GdznG7V5uB0Qg2xICcZ2Zkli362Trj2Oa0nnBokq,3
Frank 65,user433@test.com,$2b$10$TfLt0P1BZm9U1qy9a3MwoOBEYJpdvQQg5yxN8OJvVpN0mvRIAOHBW,3
Bob 12,user434@demo.com,$2b$10$vp0E/3TYCP37D4zB3mJovOlxuvA7LyiQiDWQPY6gqanqkbsWMs27e,3
Charlie 32,user435@sample.org,$2b$10$vH45Tcjh0o.IZGMtGb2/Fu2NXgB91jRKF0B6lKuR.5Q3hvdg6H6e2,2
Hannah 27,user436@example.com,$2b$10$ez.uW/YECp91Si92hASFA.UhBAn3R07IxGxkY3K1psULhFEe5Q7FK,3
Grace 14,user437@example.com,$2b$10$RVnt.oDZziQsV7CpL3pNxOpbmcteM6WmEbZboSTJE4MmBDCPfrgeq,3
Grace 83,user438@demo.com,$2b$10$YHYjlKGjHpZz7knz7PnT1e1Fd3Q8jbRe8JMYqx63bCcqq49/wV7NO,2
Jack 76,user439@example.com,$2b$10$LYuOyAIMdJi/SGQeVk5jg.oHsVz58L8QsxR0dce9XamZ/GcsD3zyy,3
Emma 64,user440@demo.com,$2b$10$PHzSfVvxwhDqjkEOr2.6wuPZR.jfhB9MpLfhZJ3cDqr2lR4No/JHW,2
Emma 62,user441@sample.org,$2b$10$VmYTn8qijY8h3E6fZlQ4OOlg4qto9B72bZonyZ552FaxH8Rsru0Qq,3
Jack 93,user442@test.com,$2b$10$OMmUoYpcZaGGuKeECfR4VOH2VgWP5Y04bDOHgYM30OgPgKDBLNKfq,3
Charlie 42,user443@demo.com,$2b$10$iT6exhoIc3f17NAPlCsi0.bcT804PTsOmbBhEeUnyYDWddwkDH5j2,3
Hannah 68,user444@demo.com,$2b$10$d0dLuyNh5l2uMmDFoHzPY.kr5n8p0FVZh2lFaT/dHuRf0Mw9qn7Jm,2
Emma 57,user445@demo.com,$2b$10$tznmfkneIkpcil1py8lAfuxxJE3PR3jQpUTwCoG5fJFsM40XrVlSW,3
Emma 53,user446@example.com,$2b$10$SJAvDoi3BOOGaBI4JltsF.0TTJY9U4xVvBJVFmu.5NidhNOX9.dZG,3
Emma 57,user447@demo.com,$2b$10$E/ho4zqFSh3.vDZUoSF9hOcBR.xUvTHlNWLHUGoUBtERIrREd5j/G,3
Emma 27,user448@example.com,$2b$10$7y60YnThOLO6KJJv.bs1JeIVTmZvDRL3/xIvH7nleUHj58xlFd0Dq,3
David 62,user449@demo.com,$2b$10$44PVuAvAMEMJ.vr7POWX5OjjEkI2I0z/lMnbsii.FVI5lF8dVGUt6,3
Jack 73,user450@sample.org,$2b$10$28z.tTeCRyN1w6gDkg.oDOStF88xcx.Wu6w6DBzvHPyOjFpcwYPOC,3
Frank 56,user451@test.com,$2b$10$U8Xi4YlHie2i2S.LGqsRheSmgA6XIhyv7YO15uOC/jO9FCh5myb5q,3
Emma 72,user452@sample.org,$2b$10$lIcy4o2btx6eUIRSmUnWMOSr/vPKFt8Vl8A/V9i/6MqVA2oIvk5jO,3
Grace 84,user453@example.com,$2b$10$Fus4BjxGN.wt/ykAF7s99uFX13YbXthao/d43Y6n3CcPROl3ej.aq,3
Ian 83,user454@sample.org,$2b$10$9HobB.Ev6mzmnuqGGFNVwehRYkXtUFWLAmO6h7dTdi4.3x3rI0kX6,3
Jack 60,user455@example.com,$2b$10$6Mw3xrD/WEKdLhE0NlgpVee/mB..sn8jrZm81jEUtj.5ku0m/FVia,2
Emma 18,user456@demo.com,$2b$10$kukQmJOlXG5dDJO0ai0URO39o3DtzT/TBzJgMs1uF0oprRwFGvTaS,3
Charlie 37,user457@sample.org,$2b$10$tf7its9b1oIb9H/JvZV42e8dhx13K7JqSGg6G3YGeH2QhhW6N13.u,3
Alice 93,user458@sample.org,$2b$10$SDrWJhKvVQTtG7CpqwhkZOVLtqKhuH7NxtcFYRHslVsH5WTc8cP7y,3
Grace 91,user459@example.com,$2b$10$M5J37AtlLEHARQfPHhAvyOFHHwZL9cmX9PDmspIs3ZbpG2W.AX2EC,3
Emma 64,user460@example.com,$2b$10$2LgzrjilRqqxlRfueC/wa.rLmy8NQ8EdfjFQ7i8/T1XPpqIXr6h3W,2
Charlie 96,user461@demo.com,$2b$10$c1tshG56toivdbSZNojXbO89b0jdglo1OJC0tIvz7vA6em0pwQyiS,3
David 19,user462@demo.com,$2b$10$CjkZZSvzX5b1welRrHxSguTzri6MjqKhEvNWaHoPaV.GfvzLsgLwO,3
Emma 81,user463@example.com,$2b$10$MXhByDEyrYrJ1sITWPP/2ONF68Isjf7WCmfjwgFlFiJeIvR57MhZy,3
Emma 66,user464@sample.org,$2b$10$zNWATROqS9WQpVhHhp3pu.lRbhXdZNyEYRfVNHSvUdiFIU7MSZJ.q,2
Ian 50,user465@example.com,$2b$10$SeSfucIkirCkUZXDZ8kovu.vUgucbQ6r8htetlAZhalqFTWkagDoK,3
Alice 92,user466@test.com,$2b$10$s3tq.V2O4L0mZBQQmdEggOG3P5U.LCOu4IKXm23Kru1h4MQszunX6,3
Frank 59,user467@demo.com,$2b$10$grEyIyU0fkNPe/j/utYfWOAv8AHTJTUFFCRPnTRN0dXeDyKVR2I7C,3
Jack 59,user468@test.com,$2b$10$QItJCwpID.2vuyXDd6t09uuQykzqD1XsRnXxr7f2mY.BLhrGIrORS,3
Bob 50,user469@sample.org,$2b$10$cUPlY2dttVPG66KSM0smKO928D3HZPxIvQxOGuWPWDyhKafurIUDi,2
David 100,user470@sample.org,$2b$10$NVG8QjfJ4GafEPQx43r3IO2.4ODBcWoW6uB7lVtMAkdNULTAgzhPq,3
Emma 18,user471@demo.com,$2b$10$t8BI7VBZ.cNiFJ1vFJezW.wKHj191NA7uDhODVJ8AQWduU88tc1Vu,2
Frank 38,user472@demo.com,$2b$10$7lqVDfzDIe36Ylz8HCBXROUJ8IbChUqdW4oHXXoVN85.DT.KZeN22,2
Emma 78,user473@example.com,$2b$10$NPqU13CBcHagyUIz2Qsf4uSJrGXJO0V0mBbEd6hOc1uJv2LDFisVa,3
Bob 76,user474@example.com,$2b$10$JxNNnmRIVdI04vBJDNhJz.8u/2vdErQ/5hF1ciOw4bf30yDXe33C.,3
David 68,user475@demo.com,$2b$10$w3ZH.6pUGdnl5Xu0S2E.tOPfcABECiVm0/BsKzi4.KUugHdD3wYZ.,3
Jack 61,user476@example.com,$2b$10$N.W9wk1qeQPvK6KkZW6Sg.Ye8oVwAyhIF7of8X5iHLVdRsvbqCS32,2
Ian 56,user477@example.com,$2b$10$JUQFSxnl5bLaYabFnl8MCu.6PPyGv8y9Ek4JBc7HQpd8Zwvbl7rIu,2
Ian 31,user478@sample.org,$2b$10$X3NqpjE2zertz49dhaH4G.HM.qyV7HES2XAfzv/CVMA2ft5qtFMya,3
Ian 74,user479@sample.org,$2b$10$eoMtk6Ut5XFgnIWscz8n9edKFrdKXxpFt3AILzn3oO6s8bxdS0FWe,3
Jack 100,user480@sample.org,$2b$10$E29.5o9WlVLwtvtogzRGeuelkEqLxeMhEVDE479JNz4OM2XJ5L8eS,2
David 2,user481@test.com,$2b$10$L1WDd6DNuXi40h5Oad06/u0.3nTt59AHVYh/S4gn3XelmEI66Dj0e,2
Bob 90,user482@test.com,$2b$10$6ue5I85xOlw1sA6G2mz7auevDOTBj6L17AdiLBdzeawZm6J5of6vW,2
Frank 26,user483@test.com,$2b$10$lh.d1VGZpHUNRFgeA/0c/.uGd2pkxw6XyB5/LpglGzQBb20mlxUHe,2
Emma 44,user484@demo.com,$2b$10$k0ArUEekkhGMkNcAZdvSc.JUMCJFZscq3DoUZbCNwJtOA0J7mmhza,2
Grace 16,user485@demo.com,$2b$10$Vl2EYf//pWNvnvAAnoYK1.8ifl4PJ/.IeOYIpyT7mvOXa.Yha0Eia,3
Ian 40,user486@test.com,$2b$10$.uYlKWTqDOrr5s2XRnSbDuLgwxYizNHoJVUK8dfqczHv9Lp2hc.FC,3
Ian 48,user487@sample.org,$2b$10$UJiNMhcnfXeEIvR4x/sTn.kAtsrPdzqsC1X.2quLXxYpAk4Uo1E0G,3
David 25,user488@demo.com,$2b$10$hfzb.hXkTp8nlpUj9YWX3.6iqrXresmoRTQIBRFpDcC5LH0YYZtTK,3
Alice 4,user489@test.com,$2b$10$ijyv6Gvkp2zpMoJVAYkZnecidp/Yhp3q/jKajOZDxlkvEXw65Vs7y,2
Grace 10,user490@example.com,$2b$10$2tMp.jY1INA7bj/fN6sM1.r4Xzau2b1J/eFUsaCkiALNb/2rLwkhC,3
Ian 79,user491@example.com,$2b$10$ZOgQtlYtn9MkZlqovX7y7.XGkOueNVkhWB2jSzmvwJZxzpUsRQsYy,2
Hannah 57,user492@demo.com,$2b$10$M5.Mi05WaHtSVzIdi4Qn2OZP7x/uqTNS/vg7.PFeEXY0/VxKfi9dm,3
David 34,user493@sample.org,$2b$10$pEXvCRoLeJHbI/ZZmUwBXOsGDOi/N5SJ8I4K7IFisJN2wJRcN3IvS,3
Ian 71,user494@example.com,$2b$10$BzdrIQEnJZV9ecQaN8j3dOVWktI1BtO.AhnuR9Mzfeqe4hsnXmJV6,3
Emma 57,user495@sample.org,$2b$10$WNBZZl.vlbxO5.pbyq8Gk.BlB/.B3uQjUutKa8dJslLWYU2m8Ei/q,2
Bob 7,user496@test.com,$2b$10$ZbP5QQdj05Oxux8HdrA/FOXqEKObv0aEGQGIbp.z8UffStchYx4/O,3
Grace 62,user497@test.com,$2b$10$ipP7QkTaypDaYR4oEdGHYOXgt/egp5hPZmyqIhJSIJ.9UrYlYYRIm,3
Bob 84,user498@sample.org,$2b$10$nH5bVHRvC/MYQQW7/.kXr.36nHzrH3yOvMRQbNT4ANDglDJ/F6XuO,3
Ian 47,user499@sample.org,$2b$10$nbvVCSlO9bJpKaTIlnf25O9Pe2MjcXiNvSIA8ckxaugXD5LhVuJvm,3
Grace 86,user500@sample.org,$2b$10$E0sCDR.yTjUVdXbLRz2ns.UaJTkAWRTNLw.rslbM1kxCPBl7Mou.e,3
Bob 92,user501@sample.org,$2b$10$16FTytgTTrN9NjsdtP3Na.jabODaXz7UzsU7D.6cAf8AHxjnKUPkW,3
Jack 34,user502@demo.com,$2b$10$BzbqgYeofP21mgGOMEqly.dDljFUI8cV/cO1SaOwDQAqjxJUE90.6,2
Jack 75,user503@sample.org,$2b$10$cjdtOPwe1U07SFsXOJysLOk/yL9iDDDkmBMaz58416Y.wVrkVhxaS,3
Emma 30,user504@sample.org,$2b$10$SiwhiFc86GVT7rgjoSPUxOgAFqtnvcBOj49/9Z6izTL5EuRlRdpE6,2
Charlie 52,user505@demo.com,$2b$10$Z8sSg5stjfHFYFxHbfviH.ZqI7JC0NGfiFUttEzcyq7JAwKYibgqi,2
Jack 2,user506@test.com,$2b$10$tACoKWi1rbGWqWxlC4t5YedviGOYPsZdyNvtTiisjYx8gqg59ttF6,3
Grace 61,user507@test.com,$2b$10$BmagBzE.zVV3UIW7qpMgEu5H7ugRajpj1x13r.IeneQjqUNnUJ.jC,3
Charlie 53,user508@demo.com,$2b$10$BFRe482ZESSpwkVyvNxHTenkfCX0gsQeMyvAqbW.wo3pXdYj6UtaW,3
Charlie 89,user509@test.com,$2b$10$iUwbGvZFn4NOBaI7skZNv.axY1oTtpJ6b1c/sZhnrpeX8HbuICVk.,3
Alice 45,user510@example.com,$2b$10$/rMhUpq7cpR6MIC/RAiG8etN8v9.BHrnrFnY09t9X3XsW8Q8TroZi,3
Emma 81,user511@demo.com,$2b$10$nQt3f/3xQ2VpuXJevd2RqevxIVwnKKE6GT3bqGnbdPt1UEU1Ib6wK,3
Jack 100,user512@sample.org,$2b$10$2po6kRDSiKDINoAx.TvVQexGLwRSZybYg42n.LrXMuNIYTeIX1aJK,2
Emma 89,user513@demo.com,$2b$10$ES5fIrnRr9vwe75Q5fDO7.v7dqaKOn1OFFXsirzOogj1SonE8TcL6,3
Bob 41,user514@test.com,$2b$10$6jC5BTTCaA.ugesBKnWLVu.vI.pHdKN4f.rHcZ8CrBum6EaPYltpe,2
Bob 26,user515@sample.org,$2b$10$2uok9qXVyGoIKP9Qyxs5oOl1aIf5wCnOvLyP.ZVbXIyuyWC2BqBoS,2
Charlie 63,user516@sample.org,$2b$10$x1bsUuVfyF1j8f8/2bg.3OOkT6Cdo/SLt64OrrobQ4LSo2yfuCpVW,3
Emma 34,user517@demo.com,$2b$10$3mgKZPzDA/DnJaE33ZhbX.X.M0QTaR9Ledf4r6gJisIlgKGKcFr9y,3
Grace 89,user518@example.com,$2b$10$ZcV9Xy39WEivmTuttJpF3.xQA/.f1S0aPhcSmkItX.YXYMXko00LC,3
Jack 65,user519@example.com,$2b$10$9lNTmV/JlEq3uZ/SF9RxBesb1B8pjBZonnd6Nwv/4V9BhpdZ2QVUK,3
Alice 63,user520@example.com,$2b$10$2wNpmhKtvS23yn3oXdXfTuh5ggyI0EhmcYqMfejkASs7F.mv.q/me,3
Charlie 86,user521@sample.org,$2b$10$NHs1F/TpOtG8k9HtdF585OT67xfeZ48GnCs4pPRhAaRLYF.oOGTsO,3
Ian 27,user522@test.com,$2b$10$JexiOCY4YDQStYoatX3jlOqh/Y5dKJC3JjjcfQAzFUA9a50RkXBU6,3
Grace 91,user523@demo.com,$2b$10$X9nc60UiM.qm4oiQ1p5LKujx698J5vkHAxOLQM2oha.pYFRgTL0Uq,3
David 59,user524@demo.com,$2b$10$cz6gJJDPIzKJ44Tkyy.ycO5oQJAUZLHLOaV7grnEfch4BG0KmzFwi,2
Charlie 67,user525@example.com,$2b$10$8y.XVRLZhxPYY0FCBi/lfe9CUGuXRurFBg8J0d5fg.ev/or/yY8V6,2
Emma 89,user526@example.com,$2b$10$ZQtawso5pBOfWfyCYKD4T.OPZz7EqJudldRjLbidFPXeJ.4arJOtm,3
David 58,user527@example.com,$2b$10$LudJujqvMCdbU7XahnDV1.X37YuNeM3OFBOasLKMijAXCzho0LLAO,2
Grace 30,user528@sample.org,$2b$10$KkDXxVqkt5/AJxNvA82nCextFgEBIJGJOCWBh8yOwUYVQ9coR2eo.,3
Hannah 80,user529@test.com,$2b$10$enbdpWw7XlaFfIv7NnCDceCSpHTKg..klwuYCtujPQPuIk3fSV4iW,2
Bob 41,user530@demo.com,$2b$10$Nu0NOatI1zMYVbiN7/ewOuZpeULjrHtIv2IAg8gSaUaVzd78ODdZ6,3
Bob 2,user531@demo.com,$2b$10$P5DRE4yb7m2l3cezOBZOVeqxusykZljy85jYLS2CiGrB5THbhpYHm,3
Frank 43,user532@demo.com,$2b$10$STFi3eFMuuicWxiPRp5QA..8cyhrZKaBYrgCoZxebitwDBG8bI5N.,2
David 61,user533@sample.org,$2b$10$UiKJTaMywif470E5ng1fMeeqo7Dmev6ysnwKAHjPjzIhNsWddXGzC,3
Alice 96,user534@example.com,$2b$10$GElY/MBF/aW11EqOpyTAk.93KNB.uVlLadxmNcflN65cBGmzM0mnu,3
Ian 89,user535@demo.com,$2b$10$1jni2HR3nQs/kWQiwxQycO4DFANGmRAPuHL10FDM4jsjLIcYS5im.,3
Jack 39,user536@sample.org,$2b$10$Wr91OsYIPl0fYZaeWJ7rFOpy2hFFjjVfJosqhreBKAWbDNets4mvq,3
David 68,user537@example.com,$2b$10$OJEe8Wdc7id3bpz1VrYMtuheVK2K7IC5x8XYASp1koGiXCCV7/ZHu,3
Emma 95,user538@sample.org,$2b$10$e.t0fpRzGeo5xbiTqR17CuwrErSdN74F1fVpfbf4OwMdfMT1q//z6,3
Hannah 68,user539@demo.com,$2b$10$H3W1pgQIqFHdvY0vxGLbu.qN.KHHrlPlIOdZnEE8r2SDkMmEmQF.y,3
Grace 40,user540@test.com,$2b$10$Sw1B33wFWyppou1CqNPnIOG7Eyby5KMR6tids5XOWusQ9NEDIpzJ6,3
David 13,user541@example.com,$2b$10$ebFWZF7Q1DEJ6OjAH8BVSeXecRTy8Z3etE3Wnw4O7Si/ucC0qOLeu,3
Ian 5,user542@sample.org,$2b$10$ALuIqGXJtGZvPpMcUvDyQuoJo/Atde989GEfEwSpdLIuGji4SZA3a,3
Grace 61,user543@sample.org,$2b$10$nvx55furpmYKRijHYUtTW.2N5sV/q9mN2egNqcr2OoFGwONRtD8dS,3
Emma 8,user544@demo.com,$2b$10$1z39mJ5fH1Z94MnxNsoeuOY7RsmRsQqJ3H4idEaU4JrkytYwJ38UW,3
Emma 45,user545@sample.org,$2b$10$adTkgtCIsnDqbjrYYtQtNeyWyPjieCLO5d7FYpZPYIbSBpZtmDTcu,2
Emma 21,user546@sample.org,$2b$10$MTM9LieDMg0A3dD.X8yGlu7un6eq3ra0e3oGyzAoG0t4Mu5Z7VhMa,2
Grace 14,user547@demo.com,$2b$10$2XnpOi4Lgax9.YryidYU3ezWutEBMBH0SWmqcUmqu87w3LglSA19W,3
Frank 1,user548@test.com,$2b$10$.mEirCeQfQSlzP0rt9nsJeZIjC/gLoM9OL9PLBOL.2IvjmKxBywha,3
Bob 76,user549@sample.org,$2b$10$hI0hCNva6PZZGfFMekvzUeiEBWUJGurccyQ7vO2q9c1KxabX579eS,3
Emma 50,user550@demo.com,$2b$10$0.QfvxDELSjKg4tv1FGeau0oJfvQe51SKGHNUrDDo4PUOSbksjeja,2
Jack 100,user551@test.com,$2b$10$LKPdNWs6Pc1cFk1zDszKFOa2CHlDeX5CPWonO3LoJM8cVOYobCq3.,3
Frank 56,user552@demo.com,$2b$10$I7IrcjHmfS9o8VgHlhpzDuBevva6G5hFWg.MmnGbqfwfHBh4kXnCS,3
Frank 28,user553@sample.org,$2b$10$Anmc7AZbJ.qgNi9xTmvQEOEqU0C69Qq4Hx8KKcWxESrpZdiPjzOvG,3
Grace 25,user554@sample.org,$2b$10$TIDgthm6kBCXBhK.Cc7Yy.NnTznwTRNC4kipetdrOrb1NWHWJdBpy,3
Alice 97,user555@example.com,$2b$10$6fm.P1t/ZQfCfXWZaEcv0u/EMw7lWEIYnUC1/83ZA0lBReQf3qi/6,2
Jack 26,user556@demo.com,$2b$10$6JVicxkj60fXmi/MG3VNj.PfR5/BA3KlU4CS9wc01LgjHF26QEo06,2
Ian 76,user557@test.com,$2b$10$GyZ/1XOVlPNJnM5j4cumqOWGhvQrn7/YMsoYyB0EXjapdwTTOnBvi,3
Charlie 21,user558@example.com,$2b$10$4fdIvnoWuelHd1peqUx9..wBDUQzxFYhOlLlRVdWFi.wMj4.xDIoa,2
Jack 71,user559@demo.com,$2b$10$ydhvuBYCX/zlxuPBCX0VAuLfqeyovicTO9l3vZJLxe9DPj3MMdlqC,3
Bob 26,user560@example.com,$2b$10$UCrMgEiSq/Vqb78kqfn7n.kwjzP7gjPz9f1xD1SbfvYbP6JtP1hEq,3
Ian 79,user561@test.com,$2b$10$TRl5zO.8K6q0lenI0a0z1eJ2dbJjci7KpYJbh8wYeEs0xrRVCyTLy,3
Hannah 69,user562@demo.com,$2b$10$Wypfg1DLZ66yhu/30taOt.7wVU9K91Ql.vzl.4etZPdxeQjUZj83u,2
Emma 16,user563@example.com,$2b$10$zW8gBodiO8Hle88ClCCA3OCHUnhAfi.tNA2YCT/HWDKLjzc1pmBJu,3
Alice 4,user564@test.com,$2b$10$888oaTckRiwju2Je1D.YROz27A3d3PNQ91PXv6TodKrT0uKh5BKl.,3
Hannah 69,user565@demo.com,$2b$10$WaSfkB7wV/JKVLCJnO9eS.ORGIRfkv7nEuxaX5.VjmrklPvW9pUnK,2
Bob 81,user566@example.com,$2b$10$k0P/VBSdFFUW8CVv7MNEJuG0VJyaiFwYtongdrsEyP4aXx0LRS92C,3
Hannah 4,user567@example.com,$2b$10$tUO9Kgtp8va6kEPulcgMIO7HfAVk4EGdz8nmXm8r9LorC.1bXnSBO,3
Jack 4,user568@demo.com,$2b$10$zIT2WqJzklkZ3cJcyaYF8OBM1x2j4n4h6fJtH1Bkpmm2pGOo7vKqS,3
Charlie 55,user569@demo.com,$2b$10$7Q4pbZnX25PUEl5StDi.5uHr.4dkglqZ6pGWyVh4VcF9SnymqdUIC,3
Frank 72,user570@sample.org,$2b$10$p5HKnk2lj7SsEd/O3z8hr.ZHZcOaoG5DaEdRweo9zuKmrwolqMl92,3
Emma 3,user571@example.com,$2b$10$yQRQ34xDy.rhqVZ9VRLAa.F1zhXNfwOiRUmqezqUhPhpPdcNy9VJ6,3
Alice 52,user572@demo.com,$2b$10$YjwKrEWUmG/bEPcA4YuQ0OzVLOl0yPs8L0ezcevBUDeooiQgKQUr.,3
Ian 25,user573@demo.com,$2b$10$wj6r.LHBQaX6Wk1X/.F9f.Tte/h4aoNYrFx2aMbs7bzfaQOVJ68pu,3
Grace 28,user574@demo.com,$2b$10$LB/BS2Sor/lHbrqoR8uYiOAKxLkr2vFcTDIPE6dQ2V6fxyl5BXRP2,3
Grace 95,user575@test.com,$2b$10$hkYHXrNymXk.EouWn5tB.OViSKsCVSPm9rVhfIN1QcRZhlMcL8LWC,2
Jack 7,user576@sample.org,$2b$10$Xw254ROCWUQ36Y6DDwE9mOyn7qRy.9VGzDrp8f9lw8Ag0WSddDPsy,3
Alice 79,user577@sample.org,$2b$10$OVTFP1En.kCtvbF1DPLHvOfi8/Dj2xrj0jGz0dGNMja1Kyj7bJ7rm,2
Ian 57,user578@example.com,$2b$10$bAdk5Gnxz7s4KGuVm.rqsOBXYyS67IbZnxXUBQnTtf1hKDbfCV2Hu,3
Frank 55,user579@test.com,$2b$10$tPKazz8G4Kme0/jW0m4iEedDWNi0LBRSeJRSBZA0WMkhd3S4Zc5TG,2
Ian 25,user580@test.com,$2b$10$kGtwU.ljpTiGGn6foDXATeW6xNBhFJ4vnFx48PFs6Ectlopl6rPMe,3
Bob 68,user581@sample.org,$2b$10$1GbWvtowNk/D2UqO.f6fAet0UBqjs4wbdv3YtR0pdPqe.jHjbFaE.,3
Alice 96,user582@demo.com,$2b$10$wAvqQSy0D8sTScFKIohIH.uyIHKcat/ebYkctKJN7c1DmgABjXyd6,2
David 99,user583@sample.org,$2b$10$9eXievBKFyWHDhfdfvx1nOYSt7oQ1EHB6ProUOHc2Cgt5onKRnupq,3
Alice 26,user584@test.com,$2b$10$zALnrQlubMBLVIuYgBDi0OXxgDjMdcMcQffnpsyo.kVabLcbsZY4S,3
David 30,user585@test.com,$2b$10$5y0eBAILFxw35/HIEigKVONKkE3ptRQG36ImrwDzxfV59eyj45.3y,2
Bob 50,user586@test.com,$2b$10$rg/a9tYY1G/2wtFmIspM5.pX.8zKxD85N2v34piDh6qUHu1xjIULS,2
Hannah 73,user587@test.com,$2b$10$u/OKqeHctAmDzClLC1ZdSe5p55jjSxDp8hOhexMCRavUXZPZl3pNK,3
Ian 18,user588@demo.com,$2b$10$Tcu6UDrtLwPKRNxQK1eXuee9yt7HXStdaKvUUS4lV43W9i/1hsfrG,3
Bob 24,user589@demo.com,$2b$10$uAaHh/CdHx5rTj2OKFY3EuRE58Rx2hUK2FXlY3I2qs9sin8bEobkq,3
Bob 29,user590@sample.org,$2b$10$btKbHhqYy1Cds.sebjia4.5SLWUzVgwz5iXi0JXXhlFY4S5ORO2J6,3
Emma 86,user591@example.com,$2b$10$qI4XWsbOmqTnopewzoLAP.8tbULZZr1KUlJEc1g3ZnhCdqev6JyIK,2
Emma 56,user592@test.com,$2b$10$S84iPmuSMKTyv/nvIpQP9OrJMlCFT1d4pcedK1h.XgTqAGBdn9vbG,3
Emma 30,user593@test.com,$2b$10$dQIXAKR6oWlXc1Ukda1gGev8VkbDY9ulQ/bRUT./od09eb5j/1xay,2
Bob 4,user594@test.com,$2b$10$.mLB65VNjELW0NVF/TeD4e2H8u0FDi1n7tVBXNs/aJwLK8SUF5BHy,3
Emma 84,user595@demo.com,$2b$10$6uxD5BCU2LCTY6QgPIbaJeOvaEuzRxc6FdwiZVrC1SDZlj2lhscLK,3
Jack 31,user596@example.com,$2b$10$cZ777ZEXMfqbxvOV/dnuF.YVADYRBwGrYr4bZ036rlSqM2aHJZo4m,3
Charlie 45,user597@test.com,$2b$10$fQXz1AOuqCPnGdrLnW9lIuwmPkXI36c.o060mddDJQg9XZSipsxMW,3
Charlie 45,user598@sample.org,$2b$10$MSXmCpl6L6oyL1Igi9kY1.uXXf0CYMCziDMFKL4YJxpRUvzlnqOUu,3
Emma 88,user599@example.com,$2b$10$1F06DbKEESraIn4I8BAtPuaNNM05/sL3EBIimvS7EkGd8zMFarRFa,3
Frank 48,user600@sample.org,$2b$10$P77WU5Yu2lFXtJKT6TogQemkZGycaJ82gHqKaeRExZ90iONja08Ue,2
David 59,user601@demo.com,$2b$10$QaahoxWB5KvyM2GZF8WnCer4Yr/9fZmwtIAKyMZczbZdlA6bDI1p6,3
Grace 85,user602@demo.com,$2b$10$yjvfFF9EHR7IDCqXocqReedrcG8BRlk.1flQt5qX0R8VGQm/iKvy6,2
Jack 77,user603@sample.org,$2b$10$n9hoJ3OaeGEKmUloudwvJuaTz1EGUlKu3uMZMKPjCZCU4/e6fr7cq,3
Alice 63,user604@example.com,$2b$10$f3GwVbsM2Fa6FFFM/RQmreB6BqcKE0LIMUixsjoM05gBnRUC5PFNW,3
David 84,user605@demo.com,$2b$10$E7mGEPfle.IzbsyPX9rqWOrpCjPnpUKBbIUvKEhlaNT2ncdynP6X.,3
Hannah 45,user606@test.com,$2b$10$S/F4qXU1NLuR7AqeXuw5Q.JQPwDnm73VVzXSbK4X3X/QnPDmTH4Ra,2
Emma 36,user607@example.com,$2b$10$uIXsYEiMJRRExFQ.kdeOUOCXynSRKRmhga/B6MwXrGB2lfwINSvRO,2
Jack 88,user608@example.com,$2b$10$7vO7IW3zNjpAOo7.RYgRB.ErxG13bMVhOWdoapm2NvLqDwgD2.4Wi,2
Grace 57,user609@example.com,$2b$10$it.uGp/1M.J12oVJJ4r4DuEVJaoZ6qBIrho9PHcuOjdeTDuPEUZ5C,2
Charlie 89,user610@test.com,$2b$10$tfaQJefdr6mc3CqVQrdx0u81nXetAXSuwihlcyffUrR9/sixcbfXu,2
Bob 34,user611@example.com,$2b$10$JgYuhyytaWaUwY804Yu2zO9rY7M8o0SvRCK2nAAKe50P.8EVgiSay,2
Frank 74,user612@test.com,$2b$10$4F4EVrIgfCBzqIX.fcJrVexT25pydNgNjrzQDHD7fQGWRf5Q.O1gO,3
Jack 63,user613@test.com,$2b$10$dZ.UKuHDDUqjYHLdKZe7qu9AtdLKLbAC/8EOtc/4JK/J0sGqPwH4i,2
Hannah 19,user614@test.com,$2b$10$q4OO2kpAnhswzuQegcZU8.gaXtoeTrH5e2ytd8BPzKf30hk0Zbvyy,2
Bob 93,user615@demo.com,$2b$10$y0PGGmVyisiwLqXBWyJ1U.gRboFfIrB5xMekYVvG3ltmqB7cNa3Nq,3
Jack 22,user616@example.com,$2b$10$MNoZK3qy8rRafQUFI6sqieO6Oc5eXdvEX1A30kKZn2vNsqWr/yyP6,2
Emma 95,user617@demo.com,$2b$10$mUkbS5ZwW9jBy.7RMge1u.ik3VZ3ui/Pz57Or8Q29SG/3bUfRX3K.,3
Emma 41,user618@sample.org,$2b$10$ccQU.zzN3YFFXNTLSAiOKOdLLVRuRPWQL7dRm9TIPxlXDq9.Sh0Hi,3
Charlie 40,user619@test.com,$2b$10$ei1b2bOuqMa5nbIaNOMP8uFzi3KuKLaK8AxSvr1X3Rvb2pyeioIwa,3
Grace 88,user620@demo.com,$2b$10$IBpHd6kJIn4KpysFJ8W5y.VVVwcg8F3oTy6dplVfyClGdVYURPrRe,2
Hannah 24,user621@example.com,$2b$10$u3f97kKZcF7v7CHAipLndO0Pw40wju8PnYBodE1d4WH1Uu4FW1q8S,3
Hannah 2,user622@test.com,$2b$10$dlqISpg/XR6PjaVYTpCdNOqahgpog.OKK.RxtnX8lOz13UAVa0UWW,3
Bob 78,user623@demo.com,$2b$10$XyC06sxLekcqfq1FV5X2Wunw8R7SNsrd..JFx/vaQU2KYM7SbLenO,3
Grace 71,user624@demo.com,$2b$10$lKiKbRBSd1ZY0bKdADmpBOIt4XrdtgPdOV5L/WQ3BvuYp333ZUdX2,2
Charlie 60,user625@sample.org,$2b$10$4qvpk9Dn8lNjuGmlI/cSVOE3ar4UZmd1WwdPSzaPRvkDn.9vfhrFK,3
David 63,user626@sample.org,$2b$10$jc/juxABcess6NthXjwvmuxs5ABJpM4J42.Xrx1vIDCttaupqhs46,2
Jack 57,user627@test.com,$2b$10$MbUvL390Ok6K.W4lu4wSvevVls/5vZve4evfof1X5O1o0cm.nonxu,3
Bob 4,user628@demo.com,$2b$10$YBoUT33fndFSoDMVQjZB0.DYNXdhoR/jDBB0MWWIj6jXq9K0TQ/tu,2
Alice 3,user629@sample.org,$2b$10$86YPD8DbRi/9hj5j5e6h5OjyzW1OoWMJ2lVpSFx8xEGg1eHg93aSG,3
Grace 99,user630@demo.com,$2b$10$QmmIFm9bP8DTmJ21.fEvgOz2z6ROgkusZySNnpKcahFXdBkXEBzqO,2
Emma 18,user631@demo.com,$2b$10$49rfds8WpauRfiaE3oQrY.TJxKseJPGSLEnzulDrNMPGsyesNh8mu,3
Ian 14,user632@example.com,$2b$10$zi93qmY2hTMtwKLnq7jQBev.b.kUXtrDPhXytQTEM8hJqDQkGaXv2,3
Jack 84,user633@example.com,$2b$10$AgtjQ58pD9sgoctgl0aNlu5uyAck0/WKdEWDtd2t2Dk9ZRkrQ6l0O,3
Ian 75,user634@example.com,$2b$10$zaM8NhOSmkrr8ppmOf9/vOsBO5/aiOjTAHPLo7cgdauSxDWQwKT0i,3
Emma 33,user635@example.com,$2b$10$2jWdDcIjSXWKM5vPqn3izuHMCvmQQ2E7LuZEfulAfm7bjGfPj9P6m,2
David 41,user636@sample.org,$2b$10$mwlmoaO13D12HSWh0QeCSuOtxRAbJmb0ttW7dlyaR43PqyzXLSbBe,3
Jack 11,user637@test.com,$2b$10$aOPg6VqBHHThsQwoRqck7uBYroi/RNYSZxOhwmZHiaIl12Zb1IDw6,3
Charlie 20,user638@example.com,$2b$10$VSYltfjh5DDDk8Di2eBKbOgDyLM7xbw.S1sPG232w.wN1NP.UTfoW,3
Hannah 64,user639@test.com,$2b$10$Tt.YvGgFI.IWhCLauxn0i.MYolqvE7z0ZqPr0R5XbUyOgORMCkrmW,2
Hannah 100,user640@example.com,$2b$10$3HxwhBvB5WagEo3/q.r.1uE8VT1c1igHa/GZvGTgyrR4Y9fXCl8Ye,2
Frank 14,user641@example.com,$2b$10$S/jEPwvjK4VRGdtPbDefPeclSeev87scQP.iH1LLMCx7dXvuk.CLO,3
Bob 49,user642@demo.com,$2b$10$zPVRO7ChhuQdD1mIwUtmF.1fgEFWOIXoeouz.DCqpZJhk9Bm2Qp4e,2
Hannah 90,user643@test.com,$2b$10$fH/QDPdHHZE8XfcvrtK9eu.GycSNsToVYEpSnGlO6VVmbkWPQsFpC,3
Ian 13,user644@sample.org,$2b$10$inV9kD2EUaT1U/Ekaj.AcOO8NipujOe7r/YJrlGnLDfYbL1Ku3cSC,3
Alice 50,user645@demo.com,$2b$10$/umOpbv4yB4NAPyWYAel6.PUuxSKGSZBr0lcV2xAgebpXYYo/fa6y,3
Frank 71,user646@example.com,$2b$10$y8.HJXSZ6SwBvksvcYHsA.Vj9RfV4XRncgQJJZcoGBpEWuSPhGk7i,3
Frank 4,user647@demo.com,$2b$10$LVL3vQWXASFv.dTYakPddeuFW5DSxxea1WVS/p2K/mCvuPhAbUNoe,3
Frank 31,user648@demo.com,$2b$10$xtxT1YcaXF1RNL0iD12hXOel0H0FOxxqy0/xebNqtWiWsLpJ7XUJS,2
Frank 72,user649@example.com,$2b$10$oscmFNLX3VnSd1uH3egeru/z/fkzjFtVdjEUIx9IzQnIcd.V7Z/Dm,3
Alice 40,user650@test.com,$2b$10$RiyV3OpQYhmZEvJavFp/KOjM6ZEu.sQr82Vq.l68IYDJ/Py64ieh2,2
Jack 30,user651@test.com,$2b$10$9L1gGbBNBHFEwIqjrC/XwO6OEtJhIkX/U2sFRMjyyAx/032GhLDGC,3
Bob 22,user652@demo.com,$2b$10$w6/pS6r3tpzC2z5VjSI0o.5HmhZWl8..BgYU4ryQjHnFQCKhc1tRe,3
Charlie 28,user653@sample.org,$2b$10$l7B.ug3iZs8mnpCjjRlMfurm6m/8D7WxSt4cmzc6UiHozmIPJ7E9i,3
Grace 9,user654@test.com,$2b$10$KnSbMlK5JrbpTZajcnjRIO8zrc0LfdKiX8.MXaQLi2ssj9Xx0KaCq,3
Jack 35,user655@test.com,$2b$10$iWFMNbaeNCweZTgUsD9MzO.bJuNeQ/OFFcZKsTv7rVpvQsCWu49Ba,3
Grace 64,user656@example.com,$2b$10$37qJA.qG/8AVX2s.o5Yp0e7ijRTKukr1epAi7ZzHaYeEy3GOxVMn6,3
Ian 90,user657@sample.org,$2b$10$MohhA86SbXiUxxDrB9nJ7OPFIyuE2YvjJTS8CZ1csoowQO8t56dhq,3
Ian 98,user658@demo.com,$2b$10$iaMRBEpIjDKWVYJeusxjH.STMux.Uyew4TIFY/5xj3tEgGxRsKR6u,3
Charlie 31,user659@demo.com,$2b$10$QVJkzvnntcuZ5Kfc4QHLeu4UUhmo9s8Z6oVZErpkGZgmL7Fp4twVe,3
Bob 78,user660@example.com,$2b$10$ZvJCw3EY8JMSxjpf/piudeJeZmFfZ1MhVk2amEgwIhKSpRz.s/ZTa,3
Emma 13,user661@sample.org,$2b$10$nbDRTI6Tsl21qtV.nfuhS.HikZgkFhaFQ6fGH.p.d7VkXEYH1Cc.S,2
Alice 66,user662@example.com,$2b$10$Rz/Ybm1kpHnyxQ1xDXtDHutWr.y/jPLTwRMIxvoxUorrEiV4ujFLC,2
Ian 12,user663@sample.org,$2b$10$PGsOXnFdRG7fRObVKdZvS.o0BKT2FApOX6FL/xNWFGl1EPqzWF3em,2
Emma 6,user664@demo.com,$2b$10$2Jn/WR73Mn4L7c6F2DLkceV4VT37D/5v68EwUskDXpjzqIle2NB.C,2
Jack 19,user665@test.com,$2b$10$59eGpy0LZDB4vTSNMKqWne0lAKtdnZwhCQ0ZvEoMIEjk/zLGAj2H2,3
Hannah 78,user666@sample.org,$2b$10$TAIWMmoeF7gpI6P5805W8.b.rV33k2ceWWyURK8aOgHmauvETZYhy,2
Frank 11,user667@example.com,$2b$10$DYe3Dt7VVoQaleK7tIuzOuC2bPQAZeXD./2XpULDq.H/KC9X9jrQO,2
Frank 33,user668@demo.com,$2b$10$Ue04yRHZG0bpRymb14TuF.lGqoUq35y7KDFQ05eRdGkykjHn1o3TK,3
Charlie 21,user669@sample.org,$2b$10$rO6RNdkFP55h.gX7PYq6uereJpzxRof4T1UnkIn.zj/L9aJ15LCAG,3
Ian 79,user670@test.com,$2b$10$Cae/HZLPg//wFc8kASHHtOcQbOOEYRZNddCbVLkFuCeoyzJJkW1z.,3
Frank 21,user671@example.com,$2b$10$XrU2lHfainSuikIjgRuUveFnlE4rGA4ZiJIEVEc3Pwk6CXYZmaEjO,3
Ian 12,user672@sample.org,$2b$10$RlsUmh6wBo4FhMxbOCFCT.cliRIdq54mDjcLc7jUp9DMEif8busKy,2
Charlie 4,user673@sample.org,$2b$10$89nN7AsnNKG7neCvNkZcRevDXnaXUIghtlOwdT.KJ/g1zBfMtN4Ri,3
Alice 2,user674@example.com,$2b$10$oLrDiGXpGwc/72lHk4kBZOCRt1ogba3dqEqm7AR/Hq620Ac0UX/6q,2
Bob 53,user675@sample.org,$2b$10$pBf5dYwwBl0r19PdlXqT2ujQEIMSqr/PVs6.yKU6wUrjr.8od3uba,3
Alice 15,user676@demo.com,$2b$10$S4yHZUlwBfIW46Igl6I4nu9LHeShJ6dsEKgctGDX.OW9Pb7Ry5xuq,3
David 30,user677@test.com,$2b$10$9vFLoahR/DAWb.JvErWmUeQxSVssvS2ZoQk9x0wDW5cUk7WTnUlYK,3
David 40,user678@test.com,$2b$10$0PoTAn8M9JVudacx0mIQEuyf8.lMNrQvGaxj6Q9PwVScFG0.V3m8q,3
Bob 29,user679@sample.org,$2b$10$WYlTBSX4DVC7m8HdN92DV.jtSbyXE6EfAGRrNuKbsb6hz3NPQQD/O,3
Ian 33,user680@sample.org,$2b$10$6Y2uNJThDMZNrbQW9PjzOemEEi/ajy0uy1EFRX5Ktj0Oy0Czc0zYa,3
Charlie 88,user681@sample.org,$2b$10$55oIc2jAbs5oXtAa/ZFg4.QqtGgjI8/ic91pgqGgDK5TpPv7kBLNW,2
Emma 88,user682@sample.org,$2b$10$zfvNo3WLfCrWRuvYugVID.KFDlzCfWPNR73nW.ewZnlknxCU/uFta,3
Hannah 88,user683@sample.org,$2b$10$dXFLF.PSsNhB6IzZt0/lyuf6LktbW3BPDCv7Hm4OpqaIFLJaUeTba,3
Hannah 48,user684@example.com,$2b$10$A9s9HN1Wo03rhFuFwP7yweQoukvXzhY6he0MjIdUYbihENvm8Phwy,3
Ian 12,user685@sample.org,$2b$10$gN5PwR4oq/g25snYmTdWB.EhT2lvSAFUAxU6Eo14C9LMPbqpHyRDC,3
Alice 36,user686@demo.com,$2b$10$IMm/QEEYgNhu770BgvbsVe4aO3GTl0NpCXwg2L3Zm6LgVDopDMxGG,3
Grace 69,user687@test.com,$2b$10$ENKAbx/3QgbogPXsUb8/fOYQkZ.0gKI3tVHToVrqxtWwX9w40cqqS,3
Ian 26,user688@sample.org,$2b$10$QL64NZ7/fQo558/6.J/zRe2A0X7/47uYaovta0G1njuHm1237FAZG,2
Emma 65,user689@demo.com,$2b$10$DMlv.V9sOf1QIrMrlIaFqOvVW3QW5BSi6YMcbxP3ne5kA1VKMBUDu,2
Charlie 77,user690@sample.org,$2b$10$y1d4hp08owIzDLLPPNir..jUEbNhdsi7o4acFiPSsPKvf1dznTWUq,3
Frank 55,user691@sample.org,$2b$10$A14AhCKbvP71lXkeGCPtQOlOJefGxgppFYp2jqg1TBx9rThO74nW2,3
Bob 2,user692@sample.org,$2b$10$a2XoHSwcKmn0Vnzo.7.bX.wK/rc.EvqAPP.4W.qeO1DVCFMjSMAk6,3
Alice 59,user693@test.com,$2b$10$E8FY18lXTCRglKaZOFC5gep9SmN4nvLDzj5vQv.Ehf.PHWDgl.UyG,3
Bob 15,user694@test.com,$2b$10$XEtPQk52YguJClL0wLPXY.OxKAjC49tddV.Ue5cIUyXUkQmOWe.pW,2
Ian 4,user695@demo.com,$2b$10$uPM07lRRG/W9OSR3PNmUaOiqTKhGNeU.3aNRm3jtNOQ0BX85cEaJu,3
David 15,user696@test.com,$2b$10$k8YiqcT4ZIqNJkL1HMoto.Ce/M9jgtnPRYKv8F1osghb1ns1ghmy6,3
Alice 87,user697@test.com,$2b$10$S3rCE6AN6lMmKRgjZkcUC.zqe1044YDOOK7FGy78FzlKaueLkpYrm,2
Hannah 24,user698@demo.com,$2b$10$YUnFc7KwLXTp9APHGCMxAuiq90hgB153gFmXpMKEbDSB7LNf3FRtC,2
Hannah 23,user699@sample.org,$2b$10$fpBY5G6UrvtRu6HsyuuxCe8opPS6L5cLUJITowfs6MYKUkgilkGGe,3
Bob 68,user700@test.com,$2b$10$WGimCov4SROrqKascAPz.eS/KVJkZX/QJt3SGjVQlbBSVJIvjkiYm,2
Emma 27,user701@demo.com,$2b$10$tgITR1k6xCRXOvjOeID9ceB.BlhTob3oYnEyhaT1O81hfdXyFnshS,2
Jack 24,user702@sample.org,$2b$10$/qsr4aoS4XeSUhKGY.vPqOF5PTRdA162iei5Qzy2l4m8./wnGohA6,3
Charlie 63,user703@example.com,$2b$10$YxCz3.kQLiAM8gmsmBt.2u99uGSu9zN75NiXyfcfzhtEznQSzEwfO,3
David 21,user704@example.com,$2b$10$v3z6/o.HG5RvdlRk876SrupkIto/cmk2mdgv8hbDOBPyKp6fQUAvu,3
Alice 91,user705@sample.org,$2b$10$CWRjOc.9qwVmfzvy9o0sqec4q0288P7J8JJEqK9Bnnt8mGLaBXhBK,2
Emma 40,user706@test.com,$2b$10$cNvtGc.EaVj9AUFiWBvHfOeMAr2Jf/ANPlaHghfzRu3pekVyz2w9i,2
Jack 3,user707@test.com,$2b$10$ToXX31dDfZqOuLJvaNB6aOugFIeM.EU0Qqlcm14pgYH7JxteVI5jm,3
Charlie 58,user708@test.com,$2b$10$7KxTynH/1q6WyRcshsLbNeagBNI4Sv25VIZ.p8vNSTb2Smi4Vh/fq,3
Charlie 26,user709@sample.org,$2b$10$bWFQ/BHDQ3A8gPlYNC6wTOTj1cdhJIhAty7JnP3DUcmjaxcVai6Ci,3
Alice 92,user710@demo.com,$2b$10$h1PKOOwYG/sNGGIe.dBiwus84RUOEoBLIxatvxP350Ys.OEjmzH7S,3
Frank 45,user711@example.com,$2b$10$NOGeNwgP6nEzaRCjvb1gYu7O6NWEX1Mxk8qT4WQDCfQEn/6rZYE0O,3
Grace 94,user712@example.com,$2b$10$4Irrhy5nsRduXQwRHqdrCOJ/LG9mOvoBwHyiqdeS7Jvgvg85oT7Ly,2
Charlie 83,user713@demo.com,$2b$10$wHQ3EE8TmKgI1twO1boO7ugtPSMlhUzpYTeUy8Zr80U.GtSkGxM4K,2
Hannah 56,user714@sample.org,$2b$10$sbzNRnBaCNR0aFkKj2BHse7abzhXD4DikHqfQp0i7UAKuynagCtku,2
Alice 58,user715@sample.org,$2b$10$mb.CMYfP1EJCqfrAXFKkvOvMyz0tdmOXUD.o.uWcxsSEp1kSsvFSu,3
Emma 29,user716@demo.com,$2b$10$6eA4ZSHfnOD.PvAcluQp8ucnwsPPXIGREXdb5.Xg/yK60tO7KyEx.,3
Bob 57,user717@sample.org,$2b$10$piiv7MYy2Dad8lS6ZXMU1OO/v8v2Ty/Pr/4dkABwtzOh8tSnIho7u,2
Charlie 84,user718@sample.org,$2b$10$2.hHSS.3tuuCOtWC3XGkIOj4sP0RPnyRxX7TYKPsxMrnLFpCW9.jC,2
David 86,user719@sample.org,$2b$10$z6Ji5UYDrrzlSpOsBbukI.0oEq0AKBF0a17mWGUgvUIHtz9YeBb0m,3
Emma 46,user720@sample.org,$2b$10$ZSFUL7WPuGPVk91k56tK1uiyEJnxn2QVK3ljaeuFL/A7gJogZIYQ6,2
Grace 80,user721@demo.com,$2b$10$fZo09TUieAhecfpwW57G4OsM6ohmfpC8DMPDJYyS7h5IQlklOgu0q,3
Jack 76,user722@example.com,$2b$10$i1KOcV3DJzlV4fFehILzwePv3qXUDlpfmShRDUTSZWrmHsDA1dSJu,3
David 80,user723@test.com,$2b$10$4HTHVz.jUCq7mmgg2RN5QOS2BBhg8QpMHk/lJnscRhOLbYvpHaenG,3
David 21,user724@demo.com,$2b$10$Dz6HnTF6q3BLtfgDjrx3NOFjxDKN.dXphlyjV7lAAQGIQHYNDNBvy,3
Frank 18,user725@sample.org,$2b$10$C/OHs6Q6Ew6U6fiy1dUkH.NDKTvmb0sicwGzjJnMpRNNhkXPIaxDC,2
Grace 86,user726@test.com,$2b$10$QODl.K.dtD5.dv0bjdaIw.5iq5BBpLglZhtX2GTvsjHr6nqjjdboK,3
Bob 20,user727@example.com,$2b$10$AbJZJ1EeJjQmELyfQin20.doN8VTiRhHaNaZk28ahpCJcut5sjbTq,3
Frank 67,user728@sample.org,$2b$10$Hkn4hpB4APaolR7B82I1qepAYs/J0Kik3M.L59woNOn2VxOZCgkK2,2
David 45,user729@sample.org,$2b$10$IrMkvCot2dKadjH4cIKFy.SJJSyg3Axa.Wbtx25ctcnSgzXPBwuMG,2
Emma 54,user730@example.com,$2b$10$Mn9yzdineyAE24h3x3gpJOrufywDw2aBVBbAANJyqQME98b5mmdYi,2
Ian 10,user731@demo.com,$2b$10$vq.8L7lCxrXJ7yUspPrk3.Cc42WawSUJYLfA2eqgEaOP1qCXJ7ZL.,3
Charlie 3,user732@demo.com,$2b$10$gDQHj3VQnlp93Dr.Ks/zf.W3oFYugCorhmuInLRD10omFxbDwl2bG,2
Frank 74,user733@sample.org,$2b$10$41vYznDo0ACN08ez.2cTMehP4dQd4VLjk0t0UnC0BaufRhIFJPU0G,3
Ian 86,user734@example.com,$2b$10$xZQLZ/D/zCWNoYgkR/ZtMutVd4iE9VNq5YVDUYraM0ygnVHYmYF8i,3
Alice 75,user735@demo.com,$2b$10$3sxOaCFSqITUdnpzWKO8SuZBHofLd05yWeDL6Ttl/Q242pQBcjrQe,3
Ian 15,user736@demo.com,$2b$10$7lNvlg5thebY.SBrggfQI.HPIrsMcfDclmnp9SF1.wovlIHxCum1O,3
David 74,user737@demo.com,$2b$10$0M/qXzPdbsG9Gdwoaih24eWDTNhhZtcX3A/RC.CZno57OmRXzmZZa,3
Charlie 27,user738@sample.org,$2b$10$3k875DTUJW3wr3S/VnQ2I.6jljZiyDPOywTb5R1nq0cEb7UpUMLau,3
Emma 25,user739@sample.org,$2b$10$2uLnQH2WSr0SWh8Jtwih6uoapB7qZ3dbhYoNF3wSF75whHkU09bhW,3
Grace 25,user740@demo.com,$2b$10$sqtJyVsqijzA0Y7wg5SOa.7lEx8ptvDtBv2PXrjlDlzvzndB/l3xa,2
Charlie 42,user741@example.com,$2b$10$mAs.d777ggGG8.5hJQgZW.vf5hXFyqHi0wh9SYzOro3m0iR8OZzNO,2
Frank 71,user742@sample.org,$2b$10$WNWqW.KKfG4PNm/ozceSJOq/J06oUYUh7qcgt/KEyEFqhhvMlt8.6,3
Jack 35,user743@example.com,$2b$10$e8gNJYr4Fl0m90KFD4.bZO9KqkVar3LsmpcrpHw2Ua.n0B7X.B2wa,2
Jack 51,user744@test.com,$2b$10$UPUtUpGzlqGN/Bci3PGz3.HGXq2oTxgKTTOW25p8eQ4GNXAm./Vl2,2
Alice 91,user745@test.com,$2b$10$8gRQ2BQX7GR.tj8nmFwnB.sOiWilrn51oSQlUBCSVQBAJaSigQuYO,3
Bob 19,user746@sample.org,$2b$10$T80aH83UKdVkMREhb0vbvuQ0MOF2LMdiCDSHe.cLb4WVrHoeJUtPm,2
David 61,user747@sample.org,$2b$10$3bmLt0RSQ0a8kGAVwDskm.uSwH4VN1RP0hebRCDIQJZ0D0mh/FN7O,3
Grace 10,user748@test.com,$2b$10$pWcSzzooZY6J/fOvA5rxTuDPKkA61SzxxquH/8ac7iJYSfL329ITu,2
David 7,user749@sample.org,$2b$10$hsZbjwcs3/7QxMnIdwFIpuuAEh9kgn.mwN4vnQ7RyP5goIhM7pEWe,2
Frank 27,user750@demo.com,$2b$10$1VfKP0lrg9CU9FEw52mpi.gz1eyEENh326/aZfZcUvxIfh89C7TDe,3
Bob 81,user751@sample.org,$2b$10$sX1sx2sgBi0tj8NmYPPIG.f1eLKGbJh06.U9d/7RaAgh2WjWMzF.i,3
Emma 56,user752@example.com,$2b$10$.Galb0OxzH6sMJ4qWnPpR.vQzEK/TcTTYZyHBTLy/he18PayDWIxy,2
Ian 96,user753@example.com,$2b$10$DEGqpn1Rm0IeN0obIFubHOC4oZerXtL.JpodjS67lp5H8s8ln2pIu,3
Alice 19,user754@demo.com,$2b$10$aaXmcxTEddV9aAWvhwxXbuppMHVc4UMxlABm5ZtBtAEgESpCt6fDK,2
Hannah 98,user755@example.com,$2b$10$hzIxPpdNzJfZ/9YoyGxyGOZbKAnPwWUJhlVDhKw2zNVTd.lu/usZK,2
Hannah 3,user756@example.com,$2b$10$NlCLLEGXiJzG8z3XUKVwPOTQFpps.kvthoVOeeW.2XiSZej5b0ouq,3
Grace 39,user757@sample.org,$2b$10$2ua1GfoX2Hg2mdVx3lwS7u8zJidFiaWdJQuKBwpXloAM6F1xwcIDy,3
Jack 77,user758@test.com,$2b$10$VBm3jC7G3o2TN6gvarsVq.otsXHrgPAe2dW9KhJWpRSfLUXIkxmXC,3
Bob 34,user759@demo.com,$2b$10$Co1.sRt16CZBEAtFvWRlruYki1.d4wSbChr//aLZnYuBMrqGrB4EW,3
Charlie 14,user760@sample.org,$2b$10$77eGXTXmh.F80RYlji0RP.1WIUsSM7crvr1dcCUTwtJJ5tA5gip4S,2
Bob 36,user761@example.com,$2b$10$GpEOp44NQdYSKXG8WDCLWexd2EFm.BOGZSksBm5Pnm6KrKKGOsj2O,2
David 83,user762@example.com,$2b$10$ydkhkRxdbZrV.xxeiV6P3uoSfQNJhLEAR1no9ItaCMYcsNgxrNQ5a,2
Hannah 2,user763@sample.org,$2b$10$STBgNSmqiQQxYLzvfRYyZe2CrszAJAQNJyz5st.vCUnnvRrzJSLSe,3
Grace 6,user764@example.com,$2b$10$8NgBiM/fTuPnq9GBbtuuo.A1oNYj9iEbKB1ApOT0YhU4g9VMwv3Wq,2
Ian 19,user765@demo.com,$2b$10$tlXKY3O2dCFUYdutxUQve.wZLqPkMnR5u651Ja/NSyhiZUsDuHaPa,2
Emma 70,user766@sample.org,$2b$10$fIEuFyKJFQdB.s4aN9JoRONvOdi7XvS6CylRu2J89cQo3qjrtfDsO,3
Bob 48,user767@sample.org,$2b$10$u894wQ3ZXRA8M4q5rBpJZecK75dZzLCzuyHKkauHLciyvMwIOrq4i,2
Ian 50,user768@demo.com,$2b$10$lXzXtqnfxp4xDfaJ/pHUqORNjru7lQ3bzhgnywTe3Yd4im5MHSoxq,3
Ian 83,user769@test.com,$2b$10$ag.TUzDL8CyfqxJlugasW.4lhKD9Ol.JMMngudjx7loV.gEKvMnie,3
Frank 74,user770@sample.org,$2b$10$NttGyKxJSspaN2IIktvJRO19vTs6akWbhFdqNGeDuGcrF80lLVqTW,3
Ian 81,user771@sample.org,$2b$10$ormvMRXfsdfv7C5DNYD49OBerQireS0HLEvW9pVWfhERXyfdnng3C,3
Ian 21,user772@sample.org,$2b$10$Liizc8nZvUL33.Fim4YEku33ljOWSJfkaUQ9YiWeCLNBsX.NEALtW,2
Ian 94,user773@example.com,$2b$10$s5mhftCzDMFao/8HBqOtY.9er0gngKRIDOv6cQZqO69sV8sZgWDM2,3
Ian 52,user774@sample.org,$2b$10$OE0ZImSUw.uxd6owBzEqMOcT8EkSCQonW2zGORKN0vpVhkLWoIbpe,3
Grace 80,user775@sample.org,$2b$10$ZT2MjWNGTfxymfPqIFRbTeUbUlsZl8ZRR35Pkqcxt/JG/vcOr/Jy2,2
Alice 65,user776@example.com,$2b$10$QKZH2VpDX0K2Fw.doRh38O0qJTZN27RoIOYUEwlaVWOTaW4A4PExa,3
Ian 58,user777@demo.com,$2b$10$1CMIZm2Kq77Wz3Uf76O6Eul.XDQvMSiMTN4QAKE3in6b1yiCu/ck.,3
Grace 30,user778@test.com,$2b$10$eFthlNGhbeoS2gxrJwr1quaqz80Cov4PZFvPMIdQu3OJzS8OSlJDm,2
David 33,user779@example.com,$2b$10$sf/Gdgkxm3sNeedHBvo9xux9Ep9Jpiqd.nj16/hBSOp0FzGdTqpNK,2
Ian 83,user780@sample.org,$2b$10$QnbZMQASn0ebKxzZPG0yEumC8M9eh9Mpb2oNOpLL7FWfX7nPIUyoC,3
Hannah 29,user781@sample.org,$2b$10$GfZdd4yWZi.UVdlXRl6nJO9VNNhA8QXrIbY0bSf7/J8Vx6NMHVSHa,3
Jack 15,user782@example.com,$2b$10$8QjHCie2zqCxuvaIwL6TYeslCl8Ndhf7l9Sw9Uohb7KZDwmE7DG.e,3
Bob 97,user783@example.com,$2b$10$lxu193M.InpoyMxj5SIiy.ZZRuxPp2xt8mh/m4f2LzbSkFoNOncAu,3
Jack 41,user784@sample.org,$2b$10$vb2DE9OpC2FQLfTjShTVV.A./3JAiN48.ydS0uSdVWgwAzbfZknFO,3
David 33,user785@sample.org,$2b$10$8FntohavkMOAC0NPg10EEe7oskYVQ0ipRU7DkfwkceGFmxgrOY0pS,2
Bob 51,user786@test.com,$2b$10$YnTrG77fobsCep0eJjbIDOELhUMLnygjtrH35AQy3trSdFsoIdgM6,3
David 50,user787@sample.org,$2b$10$Vwx.n74mj.68rUcEx6sFEuebYxYKfPK6WOUnwunODNyVg7w6grF0K,3
Jack 25,user788@test.com,$2b$10$PofCnd8CzlRqZ7ogOcEhN.70SffcP14dbbq2VoFGxZDKd.RAdR4VW,3
Charlie 8,user789@demo.com,$2b$10$LAd115QqShEdW/8iuWEGi.rr9cAjQ9U7dW6GKrD7sdqrmcce9U2G6,3
David 2,user790@sample.org,$2b$10$ptRMhbZFdneBJzQSwB.kxekOcXAEDwLULsdMN.T/vmlrsA.K41/c.,3
Emma 22,user791@demo.com,$2b$10$Pf/MINAJL0FYSi3JkIhRWOa8C2NaCoKtKFUsb5016rOAZxWSKIL1S,2
David 20,user792@example.com,$2b$10$tkZbHn.awIneHm9JNyediui4Gc9Avuz9HmmZvwLqWRULnl2mlr7Hm,3
Hannah 61,user793@sample.org,$2b$10$N./mExsEdIZHuNKzRUrLSucvfj7Fe2Vyws50Hpa7eGVn0wlo2piRe,2
Charlie 72,user794@test.com,$2b$10$pEm5SS9vEpqHrEDtc//dm.0nfr8pxMF/.6ZbNHUAK6P5vE/VH0UC.,3
Jack 79,user795@test.com,$2b$10$PDFeuifNB2AMPZYQMZ8KZeEvgYe98WaG0xFn9txRxjT8LvHERDNuO,3
Jack 36,user796@example.com,$2b$10$/uN50deupwxKlsGY7hrN/.70lhLzTQsKyws3gOo6o/zhbHn8cvfl.,3
Frank 66,user797@example.com,$2b$10$IoPsi.YuBAR8Vfevt7Ezse/JomeyrJjofZkMdJ9mHdf5wP72bZwBm,2
Bob 14,user798@sample.org,$2b$10$QxFlw8YXBNjY6perKUXFsuJkPYn8mDMbglMybVts4KenyEAa/3VkW,3
Frank 3,user799@test.com,$2b$10$X1CH3.Lnvoirk2iPDqnA.u0e8qzdduY96p/xokD0jWnNaP9l00YLO,3
Alice 37,user800@demo.com,$2b$10$8ghAHrUag7k2YsQ2W/nC.ekwzqP0bVNm7MK9Rp4WRrA9u4gf/y1IC,2
Alice 21,user801@example.com,$2b$10$4GlbLeYl8t2R5nMfzZl5OeMF8CCQxdGXgFZ8Obf/fidRQkmzzxL.S,3
Bob 11,user802@example.com,$2b$10$TVgPJN12.j.8L.9uf59lU.8dw5mrj3A3p5YQtv9nzsQNWLuvA.n.i,3
Hannah 61,user803@demo.com,$2b$10$8SIRrOip.3kkLcVElqeOP.Ybw4ty.WMkJ.ftLl9LjmxUS7zuBPoGa,3
Ian 6,user804@demo.com,$2b$10$DTTvp4FgZTsNQCWNPBOVJ.er6e.j5lPKCK80332MYoJL12Kw6jpgq,3
Ian 76,user805@demo.com,$2b$10$n98c4vMETOqAEh493u4KMOGwwbdduHImczOQKomP4RVSVnvl5R536,3
Emma 90,user806@example.com,$2b$10$Gie5n9z9/OTjt9vHF3wRkutcGa2hpI0l8UwlHmpuOOIFsalMgDTIW,3
Grace 24,user807@test.com,$2b$10$wAvkcC0jX65OCerQcAU/XefHdCb9csdvuRJsdk9CH/YC35ooGpg/K,3
David 44,user808@sample.org,$2b$10$AU.nYW0btUyVoxIFdRN9DuYj4IRyD9rp0RAuXWwk8YfZWYv8WknRS,3
Bob 21,user809@test.com,$2b$10$P8RxcDi0tIN.RcfqpIpzW.OE1izUv8FQi4vUtNR.MAs7OaFcNHSBy,3
Alice 80,user810@example.com,$2b$10$D7srMe6rI5s065EfCwnHIeBVyv0rzYiJSj9ObOlrEASZX8pUUo4yi,3
Bob 2,user811@sample.org,$2b$10$p2RdgRMI1rz5gVJWoEbpEuCfjxQMrhqOyUQ6AXa8CR.AOzXNsg0aK,2
Alice 65,user812@demo.com,$2b$10$.feZP0f9hmiAZAYyNzuiVeGOfaZxVKz16T3RgZ7trrBY0bGgPSdZu,3
Frank 82,user813@example.com,$2b$10$Ybi9Ox4CqvaN9WaxR8R4/ufL38PgWhNcsINt.AMilXU6/WTWkw03u,2
Charlie 13,user814@example.com,$2b$10$R3jzUGgk4G6KC3wfUTFX1O3U9lfxq.XfApp8JweW5OfOD8Zel0ZKO,3
Emma 81,user815@example.com,$2b$10$ttrZFulyFT0yV438ET8VEO1RE43HBd3zLQ8NIwE6dEMuhG8m6ggdu,3
Ian 26,user816@example.com,$2b$10$Iz4sPy0MfFozCSQ9Bf89VOJG9WIEaBYcNr3DqOjmSDEMCIWSCddvy,3
Jack 34,user817@test.com,$2b$10$4654jGzDAxztNg0vMmvpgu67H8gKptDxVF6mTNZJQNLOAaIe6.EJe,3
Charlie 18,user818@demo.com,$2b$10$Oyz936RJWbgoGB65ObicneTf/K4ctuhG3k62Ko0tGQsYX81jBtj8.,3
Alice 89,user819@demo.com,$2b$10$RLqss7uRc8Zw93K2nKSQ7.X5y59gwi1nqZsajnezg7vgM5eJKYzu6,2
Emma 35,user820@test.com,$2b$10$c3vF.ExsJPlVFXdWMyW.suG.cjiq0oRJCRLvtj0si2CMmtyyM61C2,3
Charlie 2,user821@example.com,$2b$10$woc0KXjNldJVj4i5GxnEvey9RmmjzMO8N6XOmpLlYMQTHuA6SWExG,3
Hannah 88,user822@example.com,$2b$10$YCgXSai.jzMzawutpgOIoup9dxlujFB5PWubW7jO3AS2fbly.hNDW,3
Grace 7,user823@sample.org,$2b$10$7GTxEkQWz9wM4raHvvO8ZuUZimcpB1IvgRcMg5T1Je6//QYL29s4C,2
Frank 96,user824@example.com,$2b$10$DlMNY/2M5ecA2ZWX4oM8u.5wfX.3MRLYAbdhZ4ZLiyxn/8orrxYiC,2
Grace 97,user825@test.com,$2b$10$PJUAz04dsKkddbwn3JjAu.wvpC5BKWN5bMmzDMw50SvH.sCIKloLm,3
Bob 62,user826@sample.org,$2b$10$6h9NyPHdMGaRETLXMhqKZOnUtQWa7YxyrCB4gV.l1cYpwOtAwuqdW,2
Ian 88,user827@example.com,$2b$10$fKaX7LaoOozGNA8aQ4boU.IB.crsmZpMgxlNO9q2588Zjjj5Ow4Re,2
Bob 46,user828@sample.org,$2b$10$0wTuPurbYJ95krIqZbV7Fe/vHHVbOk.8vsOvzMrPt3NxMlmLrJfcG,3
Alice 82,user829@example.com,$2b$10$j6uTbCDot2SkDnH7ERsmiOuAvrxJUEJI13SsbsQ3ywE6gS/hv1b8q,3
Grace 74,user830@test.com,$2b$10$bfV/h30/l2xhV9kXnhrBveZMOyLsGtr4Wm0XxCOOyDfTUUH3HbKKq,3
Alice 77,user831@demo.com,$2b$10$ftKVPu/afuTqRjP8ftwE1u8apmMOMyzS1hVg1poC0ZkGOPWAxr17m,2
David 39,user832@demo.com,$2b$10$2oY6/IaxGTyyes/Y0MxSAO72Yw2bRfCLeKq0jN/pxSGao6ox.TQfO,3
Ian 68,user833@demo.com,$2b$10$LNslzsqrnVZzTsrpRUnjyOtQaVo04ypqWJDaKE7Jetf2pKQ5xvzT6,3
Bob 9,user834@test.com,$2b$10$OsfKS1PT0O0ocMP2YB3zUONcwQ9HiF6OOdTgNkA0YYQo3Lmx.egDy,2
Bob 75,user835@example.com,$2b$10$YM5oP4HZ9G81IgW6Bc/TNeEnXUZ8cfwBzNpqaWlb5iL6bnbmeMAPG,3
Charlie 31,user836@sample.org,$2b$10$aNxbdY1An4jjfwTGOLmU1utCmy7ZytIHeRORNgt1Sv7MA2hqIDlR2,3
Frank 76,user837@test.com,$2b$10$j1hA2R5VUzy6dstKWwvnrOnrPcbX9FXyCPAwdh/teRGVGLtJ.cr5G,3
David 45,user838@demo.com,$2b$10$EiGNv5EPpGpYWYydBBDfgezq2jD5eQlylkbXAFrUPB48Pbw2RSmQK,3
Emma 46,user839@sample.org,$2b$10$WIZrsVKAcVNqKzqItFrK0.Gi1kjl2H2ME9SwPK2/IIdZj1xfrTelW,3
David 36,user840@sample.org,$2b$10$/JY/gsGte8RL2JjriHswQOENlVGeYJwwQ8fNgdswY5rNuyTuqhdye,3
Frank 55,user841@demo.com,$2b$10$RwHNYYHljMoUmX3Lyx6Fs.IxCGgcQjXB3an32dSoowC9OM3db8zhm,2
Grace 49,user842@demo.com,$2b$10$S56ditL5fI3j3mnTLfiFFuc/K7u6t3mpxy08NpLITdPAuireoknXa,3
Frank 46,user843@sample.org,$2b$10$QQtMz4XGCFRjxnDXqXRncuWgPAvq6T/vTKrOLiwXtYROgiFy6HiHG,2
Ian 69,user844@demo.com,$2b$10$tga.X9TZviNupTppvxepIeBJBzqlZEQImYDIbBEWPr9dimyhI1mgi,3
Jack 70,user845@sample.org,$2b$10$0yDPrhO0c8UPqTJpQt2uruhssj4fdvUbsb4k6nDB65RbapW10Ln6q,3
Frank 74,user846@example.com,$2b$10$dGVH5WrfW2LLbSiS9tRYJ.Zr0AS2Nte.8Ro4TrRHbLv8dHKxd8PyK,3
Jack 78,user847@example.com,$2b$10$kAckZIp7PTTXwaU6gNMt9.HY.OUOzgF6NterFwRMK2KfDp1CFfMlC,3
Hannah 55,user848@example.com,$2b$10$2XDIJzZko8JScQlfX9kXC.yEhgmJNm5YJql/siTSP7e4gl4gdUHl6,3
Alice 16,user849@example.com,$2b$10$YSmgDz9eZx/03KlVU94zMezTY35xagiqYLRJ20itxDdIO4npDrNHi,3
Ian 100,user850@example.com,$2b$10$Bg6yXcsheiNuVUZ2QCvv6OSOKx6xTmVibMy5oXJt7MLX1WPjL2I22,3
Bob 80,user851@demo.com,$2b$10$TuvzaUgDySimXcmlXpgG9ONqbmfXrSDPfjfA7g.IlSq7anAOud7QS,2
Bob 23,user852@test.com,$2b$10$LlFtqrQlvBJebiH75u/CQ.TnJalXIbfCbcamFtZvYyAP7gkBio7W.,3
Ian 27,user853@sample.org,$2b$10$EoCosTDzUTcnOT3XI546OeTj1x2YuVXn6PyOu7Cjdylb00uEvhVEG,3
Jack 71,user854@sample.org,$2b$10$E7KRrgAEWGvhYsFcg27qleuP9q9pgCmXxKsWB0XP6ajyUfadO40w2,3
Grace 46,user855@example.com,$2b$10$sthM1sfUDo/emUyDCc6KmOTIFI0TUbZ/N.FCA85Y0v5Jhsgtw7sja,3
Alice 54,user856@demo.com,$2b$10$VyFsHQ77eYHZ.1S0ImSej.0isEjq6r7hk0Nx9BG5EYPejlGKIFI0S,2
Grace 72,user857@sample.org,$2b$10$6ew6RyZBgrFeeOnJOENRyeVJcyi84K/Xp9GAR1HZdH2dE7dUzQ9fq,3
David 17,user858@sample.org,$2b$10$DbDNja2u84C1/.cDNILOf.6GyZrd8/6TegO1SPkZ59XNtNEd7QXBS,3
Jack 78,user859@sample.org,$2b$10$byI1AZpZx7iDRWlWOGJufuhPBQ7dZ7/dv0XIEF680OZseADoexqQ2,3
Jack 30,user860@example.com,$2b$10$NuIkEI0l5TyrA1FhOvZrr.AyTjM.fJRSWEmGe.6JLZPF/Osc4Rnli,2
Jack 70,user861@example.com,$2b$10$xd9UkY1qqs3WBfAX8cGWb.qCazC5gbW88ZVjgioFU7SgMyu2pAj82,3
Bob 19,user862@test.com,$2b$10$BMiNidMOLUTFAvZDZGl6JuLpnL/aprD0fEo9ApYRxmiQrnnLIXIN.,3
Bob 77,user863@test.com,$2b$10$mP9phzSBhYHryTTRYO08PuA3kOpNn3u5.TVqWocmIi4F3Pk5rT.5C,3
Ian 4,user864@demo.com,$2b$10$WDv63eKRTvkLdBiKi04XjuCirtfRjDLQeT0KEHjloufK9GMP03aoy,3
Frank 95,user865@example.com,$2b$10$RhjoM4zh.MGIcC1OqVfCqO3U6wgYPKg6jS8SWIEL/nJglaCYhy9Oi,2
Alice 28,user866@sample.org,$2b$10$vk5HCUyPLepSJxMl7vOV0eyQ9njgdsXw7x7HvGiGtjCmLO0UuupbC,3
Grace 1,user867@demo.com,$2b$10$YGim12mOxBchLTrCFUZK9eFTohwazlghyhN.60EiP7A3uB5NHnReW,3
Ian 64,user868@demo.com,$2b$10$g0XxfIWFjavkoRp/dbGRleM7.Pj9xlOoffq7DxXR6kUd/UeIhRxp6,3
Grace 45,user869@test.com,$2b$10$8ZjAF5RbZUIjOTn5Qc1up.lFpqfBF4vSr2zIA/pfmD2A/LD4eKwte,2
Charlie 2,user870@example.com,$2b$10$.eNfUnR6AT0/vTXzMXCzwuCaMR6s9SmU2yvW4vpBvCQBG3zsIVYmK,2
Hannah 47,user871@test.com,$2b$10$szhppvPpA7kXPmQ46dTwv.JSWgFgTluFFp.u6HxMhfS5FS1.MUBQS,3
Frank 82,user872@test.com,$2b$10$oFxFqFDZUUqkNXB.icGLNOJcazsfIWJN9v7yK.V3CTHWN45sB5IP6,3
Ian 91,user873@test.com,$2b$10$4gAYQUq6xroIRGQdr9hL7uiFtWuiW.fjgwPY5/5FNy2iDEdNoeDoO,3
Charlie 34,user874@example.com,$2b$10$6MAoKHGAzLSOcHxYlTpj/uHctrVUsa/RyrKQXLW4wi.8TKh.ZUi0S,3
Grace 89,user875@example.com,$2b$10$sE5b/0nS54uImfrlaEQk9.2EbytTgaZrJi/flbta0qi.aS5u4fMgO,2
Jack 18,user876@example.com,$2b$10$njHDZmaumpEw7R4I7YqFP.fQcCnrIi.mxMMp.TWzPrJDf66hn7G26,3
Ian 2,user877@example.com,$2b$10$du2LYjHFM8ACC3n/weQP1OcSLkEB3M909.qxWjtvZhIzgoic9jac2,2
David 92,user878@sample.org,$2b$10$RSgOqcKKvU.Cpo6nfCtNzelMpCPAtfjzeJDzHo2U5ZNRvm01D52Oi,3
Charlie 50,user879@test.com,$2b$10$vKqZ6Lka4xsXmN.No82TPuTUQKKz.UWoVPyrl/2J.YJefJajQmiLe,3
Ian 52,user880@demo.com,$2b$10$Y/Iv44W.Mn3ddN1vZtySOe9oWHdvHrFq8nVPryTNNHGrZRiIl.LS2,2
Grace 16,user881@example.com,$2b$10$vR/nMUpgI/Dg37jygETMZ.6ZNQcfrgpeLRVwSkN5tZnUvVRIEDnyC,3
Charlie 38,user882@example.com,$2b$10$PApz9L50MtdX9FRBlk2.8Oy1lWmneXZRH0Ec3DsEFvV3ypcrH67fC,2
Frank 5,user883@example.com,$2b$10$OheWV6.N8HCR4hnU24i6a.3dwBVbJ5oaU9ClVD5IY/ZUmeNRaYq0W,3
Alice 81,user884@sample.org,$2b$10$THFCGPjUop6yi17tuZenI.MrTM6.wuWj0o6kBcPvOLLzLSElgejoq,2
Emma 86,user885@demo.com,$2b$10$xigq5/dRP1eXiJAcrb6J3OfyoZFhFQKxJGamDp2lI4cIo6EYVLZia,3
Ian 61,user886@test.com,$2b$10$EXrBZlm64RALkPC0PlSuEeFEKVZ/lWrRIsLkuHgqV/E2UekHnaEP.,3
Frank 83,user887@demo.com,$2b$10$8TP1JjD27HdF750d72js6un410vtOfXOXZR6NSrJQRtePJ9CQ19e6,3
Emma 33,user888@example.com,$2b$10$cqViP.3gkrKpE8D9HvlZVuE0I2Ywe.JC9OObn7ZaqKv8nmftUSRfq,2
David 39,user889@sample.org,$2b$10$ouLG2EF4BDe9b6NRis5gd.lsVKTWfmHF3zeU8E41vxJh48dKmcVA2,3
Bob 36,user890@test.com,$2b$10$6E3LMxHmza0YJvm7Mo90Ee9ufvQ4wvCrZjj8GfRQOqhAa2ECTq/tG,3
Frank 27,user891@demo.com,$2b$10$0U3CJVczn2LMlDLCcV56N.C4QMStaA0SQo5jr64VoWPa6fVkmIugm,2
Bob 36,user892@sample.org,$2b$10$Bv.Ntk2/cNFbLvY032v4peTvgWT/nsZMPMgy9cNozogjmrWo9jtfG,2
David 58,user893@example.com,$2b$10$sHadXPOLWsG5pxkO9AaJiedoAKnw2hmhFznkjCehguUVU3HyG7p0W,2
Emma 17,user894@sample.org,$2b$10$NfJLYZYz2DuYE6famp29rOBUy1ChaDEQ1HeAM24GhKfKPF7prGKeS,3
Bob 46,user895@demo.com,$2b$10$HtT7QGnwLAInbt8SO9UgGuwPw/nkapq9pBx1iqJdfNX3RdCtcuFsG,3
David 48,user896@example.com,$2b$10$mJ4VzRL/nTbPkX/dt4wJY..vTsqaCbb5iAsxLnlMhLqhDMjH3U7sG,3
Jack 12,user897@example.com,$2b$10$Rd5hQUqu/o9h2BBMOxlW5e5p134O4EV0zP9sOQsA0dgtoiMSlR2uC,2
Emma 48,user898@sample.org,$2b$10$rm5ikR9Szks/7tQie3dL.e1xXpsydRpZavxgDBgtuy79lBNzY/2/O,3
Emma 50,user899@test.com,$2b$10$imVwJ4BkYdrlANEfQ3Z4Ou/uoCba3iHRtJZ45ghJJPNcV4fKj70Vq,2
Charlie 10,user900@sample.org,$2b$10$xYidU5Ix7p0ySeCfdktfkO2ig0MOPBNTWdvcqDs3rwK3.atHoHDi2,3
Charlie 32,user901@sample.org,$2b$10$4cpZ2j9um4wT03duMQwW1eTheGI55VLpC/j81s/8xTELlhg9fFTYe,2
Emma 86,user902@test.com,$2b$10$q6fxDqKBvd6mnqNrY7/O3.WQ21VxEKKawwTQ/4oEr/lE6IK1ka8YW,2
Alice 45,user903@example.com,$2b$10$rHVjhVAEbPPEVGv/9ItAhezrdjOOTIKUPNnlQ3gd7dFQwRTslmNoi,3
Jack 6,user904@example.com,$2b$10$p3cQV6JjMTTarMR4OnbBwOaa91wRER3otYa/uXMDphNxzBO1IL1VG,2
Frank 52,user905@sample.org,$2b$10$itLLpWxURFbEh8TOcjirZeqgFcL7fwg2nJ1wuJ4njDY5tum/rib.a,2
Alice 83,user906@example.com,$2b$10$3im0muqsi/Zho.AHCsgeyejujFcfKRBIbpk0pTEflheisCyMG8tCy,3
David 95,user907@demo.com,$2b$10$w/2uZVE.48..lePZihA3lOQubmUPV8317l0oR.uEPCbapzTRbPaJW,3
Bob 72,user908@test.com,$2b$10$.mwOgZgDtDccYJKxXaMA3.R3dy6v0swWlt3H6b.Ij3sHJ4jb4Avtq,2
Frank 70,user909@demo.com,$2b$10$SSrvPIme136tkHhsv2pEYOwYVkDSKxYSBdd6p7eYzKpgGnCJ.gJk2,2
David 94,user910@test.com,$2b$10$QLEONWg.Xja6swZc6fnRXeSd6SjeFhZ6Odeq0LAqwWYyANWsurIxG,3
Jack 75,user911@sample.org,$2b$10$CfVrpPT.6Ol2EtOu9bRgBO56gHWSgrsmY7jY0bslgQ1n7jqwQ/sw2,2
Jack 55,user912@test.com,$2b$10$YtGxQ6AgmDurzOXQFXZQsuvds7sEfQIpMYmRYp9yBSZk0ercAqhAq,3
David 5,user913@example.com,$2b$10$DegOdJC0cl8QWvc3s1GfAeexn6fP8lV9/kKfZIar5t4DdIahGlIPO,3
Frank 22,user914@example.com,$2b$10$nINOZKm/JLRdzwEu5eRfJe7KrOR7f7hODcppACq3nAXSjb3EUWbVW,3
Frank 67,user915@test.com,$2b$10$W08Ka32/fy2NBzSXypeY6eVvvB.nMJVFO1D1zo3UsT85yrkizwUsi,3
Bob 8,user916@example.com,$2b$10$Q.unkXjjmb7S8FNL24UhaOcInRhMRb0mQyX35gBC.8idqCsb65lHW,2
Jack 64,user917@sample.org,$2b$10$3YnORYMq50fU37QLyW/cuu8l4es4msbLofS2gurdmOpK6.rYb3mru,3
Charlie 60,user918@example.com,$2b$10$a/EZRpyVDPzxxpY4qj1/YuO8l73iK94R3Ow.n1N404QVc.zsB/yRC,2
Frank 60,user919@test.com,$2b$10$FsrC6zwNe8OTuep55f5kIOpM0Iq8SHjRGtFzaEQcO/0wChIoIm/ku,3
Alice 72,user920@example.com,$2b$10$pa.XKfw/fjWcNJX.irv45.5D8cFnlUUoQPAcP2s5FPeHChNcHYlEe,3
Emma 87,user921@test.com,$2b$10$PIEnXteF5E7E74qwyZbchOsDhflNVhP6ceEuzPPDVWjHpL7t6XasO,2
Alice 10,user922@sample.org,$2b$10$Z48GVCKPncHr8aKVpZ3w5Ofa1TrdzuJ3zvgW7uEW5ge7dTkMheHbi,2
Jack 73,user923@test.com,$2b$10$FrNF/tz1AzryTfvkxbUIWeqHxg9Fse4TKxgiFbBrzYIcsaLM8hGJK,3
David 38,user924@demo.com,$2b$10$3p9tdNg7zfDkiN2R08VLsOiubNj4vM7.OhkuZneXbg3DeTc670nJa,3
Grace 30,user925@demo.com,$2b$10$C.NqMbfqDJ2BGt5NMHVGdO1Ye1NIBqgs3CTFeSKQpWhEUREAOqLAm,3
Ian 36,user926@demo.com,$2b$10$N9jiwT0nuZp4/XCisizBNeeJYxDxY2lB5u8U/aI1qO6LXBAbxPluG,2
Frank 52,user927@sample.org,$2b$10$DtFbd63tYcqkklfad5xOIuB.t.gqRAkP6O9caJMpGzbA0a.GRyFbe,3
Frank 78,user928@test.com,$2b$10$QXd7qjqwXkWEWLfVtEWpS./ZED3LGkxswR49hIQ4Sj7RBCNn5RfFK,2
Ian 38,user929@demo.com,$2b$10$Ko3anXOzcctyxR200Xv6z.BsWSD0GkOWi/tV0.sVNRtEqzsvf.8X.,2
Emma 80,user930@example.com,$2b$10$/TlDkiVePymRf7E..NEAsuNvnEbTvAMGbidN8AmjOQmLJkpNzPyo2,3
Frank 31,user931@example.com,$2b$10$T6rcTDxppvXLhchFDBaNL.j7oGLoJf1wJbZL/1ez1K9RjiEJGYgWG,3
Ian 79,user932@demo.com,$2b$10$uMSKDK/raC4Lf12mxqRycewYwB6zItAMp5bpkd4MBYHxnaf54p3Ne,2
Emma 81,user933@demo.com,$2b$10$G.lUlQTQdY1r/jpynrwlzeuxjF8ZPFYZMd1g.7mNZje/Vwkk5edQW,3
Jack 75,user934@demo.com,$2b$10$bQsJoyQXBxJAqzYTIJ1EDeWRHsTlZRpiN.uRUyE1dKHKpwT1fWR/.,3
David 94,user935@sample.org,$2b$10$WxI32xoHf6LY1FJOrUrBMOs.VubcfJQqBfJqBjjDO4HX/JNB4wcz.,3
Frank 63,user936@example.com,$2b$10$IRjhgHcV/1d7ZAKt1UTlgeIwWJjIdIE.VBbiOnq36R8YsMQwDVPOq,3
Grace 81,user937@test.com,$2b$10$nnbJ5Yg1I3omoFd0uL2Feu5SsmzF3ipDMbo2PCqidSK1Rvzc3fJpq,3
Charlie 38,user938@test.com,$2b$10$42LHrA.0DMaFiC5ua0kV4.IjdvmofLkm4iAcSFpXHKuYevS9YIGwq,3
Hannah 60,user939@sample.org,$2b$10$3IH9kYMBdQYkYJ9T8Y03f.71vOESSODWNItOcl0KOxT.K.8eET66y,3
Ian 48,user940@test.com,$2b$10$mXiZ8FT8yavCYdo53t1N3eiYJ3lFSd9VGerEZ0BtLtAvNXXwJoz9e,3
Grace 96,user941@test.com,$2b$10$SEz73/2rU0Al0GXyUIXq4u1COhjYlLti3FZowI5494s1Ebko1y7Xy,3
Jack 17,user942@example.com,$2b$10$ytkfs2rv5gp2lOX4GTEC5.LHFW5/wIEMD11uYdy6pylhDlHf29gXe,3
Ian 79,user943@demo.com,$2b$10$36FtIVXqYuQUXFSgTcIHTO7Zr/2.4IApPFAi8eSkxh1.h4/wC/2lK,3
Hannah 69,user944@example.com,$2b$10$6p2r3ySCrLpqxrR0aOV1Q.0vDKgzYaRzn70tjqJ0SlukyWUjVdsxW,3
Bob 97,user945@sample.org,$2b$10$junm25GbqBZqdFVYec38l.myfPsByHLMBUkkh09ZOOafIAk9SlFfO,3
David 32,user946@sample.org,$2b$10$a9BBwRHJjdlE7hZva30tiOa1/zD62FYQGRoOhfQ3..HF7eBYrUzyy,3
Emma 48,user947@test.com,$2b$10$pVxmaDZkOI6jFB75gzDndOBZ1p1B345LDtzQOhLgOQW0bYWbJN34W,2
Emma 2,user948@demo.com,$2b$10$zeNZx3M/6uF31U6BOo9/GevUhW2FLRvcbqmiT96L3g44xqibc7ENS,3
Hannah 74,user949@demo.com,$2b$10$F5YkjEl4aH/cdMk7UelSaODCygd4BO7CC.UywqXHaVJNrpFGnh6oS,3
David 34,user950@example.com,$2b$10$ze44lgIlfwB5SLFQgO2an.wvbglqzodKAOwtYznMjy2sb3K6IhoIS,3
Grace 32,user951@demo.com,$2b$10$Bh9IV2xlfPL84I8QTNjxPOf3m0mz.P.4x8B8CFHDEsbJHet.h/Hpe,2
Jack 9,user952@sample.org,$2b$10$sRUbSXtmSyYbYqXYqfhZWexc4rLePIiMVRr/A6SZ.vs8jZrxMcfoi,3
Bob 77,user953@demo.com,$2b$10$vXykJEUvVtxpPfQCz2CQyOFJuBRfqaNBn5KzvbBtago6qMTaDpY.S,2
David 95,user954@demo.com,$2b$10$CyQETClA/NJCkrDjCrw6LeVh4iDqQqmEFtEVI/bek5p0ItWki3iN.,3
Bob 87,user955@demo.com,$2b$10$ybQRS63aJhRh39WLYc1UAOM6bfl9Q3oERpa2GNQtOHOGNU2wd/gga,2
Bob 51,user956@example.com,$2b$10$GyMCfWNAdre36tBiTZKcbeLgwhPyj0BZC60a23tC7rEtqpKjq15/2,2
Hannah 48,user957@example.com,$2b$10$i3yQTJan6kE/7FXn8B45Kekr0x37HYS7oF.y8KC3YOSdwPMWyYFfm,3
Emma 22,user958@test.com,$2b$10$WbU.ez7tuxLdvr3JnWlcT.N77PQwitUvaSOXN0B/BxK2WdVtJBmmS,3
Grace 72,user959@example.com,$2b$10$aqfmp1LObSZgT0lommDK1ePFvpxEQvyK11vnKrwblF1lwnOqKmsGu,2
Grace 16,user960@test.com,$2b$10$QN.Bnri18TJs1okIP5VK0eWYiNR4429Vg9qPhtl.RSWvMcc7st1tq,3
David 27,user961@demo.com,$2b$10$IlrC7nSb4Kn6mUFvZlNriuwXn2Yvu3PgVCq5I8ppFf4kZZ/tecO4.,3
Ian 22,user962@demo.com,$2b$10$g7IIavItUQH0v90VkvxsGu.AR.yOQTKx5oNIv1TW1DUfMkNeVEaAC,2
Emma 62,user963@test.com,$2b$10$ViT6wf3lkHAwrmvHgNvnweuwqGTKI8EvuIkSwM3tSvnPV6nV/Qx46,3
Grace 83,user964@test.com,$2b$10$vZtzniugY2Otw8IhXu2QTuGG4WZ2Ao53az98a8zXGFZTS.Nc0kuUu,2
Charlie 59,user965@sample.org,$2b$10$k0a8yyO9fEWNK30LhRqMi..qfH7LkGE/KaKeN44TVXE.Er3MYqE36,3
Jack 40,user966@demo.com,$2b$10$qGGho20mpklHF2p4H6KFl./yfRVGNxI98mB0HgZfvCTnmvS.l4WPC,3
Grace 44,user967@example.com,$2b$10$xNN/PwsPpW3f4QlwJ5P0.e940d64756He7rxYGT7upLIkgzMP7TPC,2
Jack 45,user968@sample.org,$2b$10$HVVkXr3kHAFCgpE31g68FulgJQfu4c344hvJAJaoO/o828qLZJYlO,2
Hannah 33,user969@demo.com,$2b$10$I6lMGBPZOr.tUeOIbKl.xOOWYDpeSTwhOBhPzt4JBn5nwk.Tt3awO,3
Bob 91,user970@test.com,$2b$10$43E..QWJh.Mi7Ub9U4lyge7lwjfQOKGTL4..4tl451txBCiviMCgi,3
Charlie 60,user971@test.com,$2b$10$ft73oacEGLKt3giXQrGk0u6O8fK2u/cxsbudKIKzEkkVQpBF910Tu,3
Bob 27,user972@demo.com,$2b$10$nP7nmokI.Fp6MBl1/lL6xONToaZQbpctb9v93t3Q4fWOFtLOvG9YS,3
Charlie 15,user973@example.com,$2b$10$1ZmfhJyNveKO9m1wSMb9Te4YHcof8nfxoojLA.B3NIc/9PJ0hbtK2,3
Bob 31,user974@example.com,$2b$10$JZwDD9nsGQYXqv.2tvoqk.5RIV.2Varg6Mqna7NggJJPujqKmaFqe,2
Hannah 100,user975@sample.org,$2b$10$TwqpWAawADVtMPOhnIWOoesyVwxSx.N.NqxkkAweMX2TJzw7bp70W,2
Grace 28,user976@example.com,$2b$10$4/FQBNpXy4jPVpJ.g8EaxeZA/00ziMKNIB71PBpR7wROhM/LYddDG,3
Jack 40,user977@demo.com,$2b$10$/.1pri3qUlacfUspHBNSieejWRaC5x9Vdibq/YR0pHkstgON7kD1m,3
Emma 91,user978@example.com,$2b$10$FN5Ev13B2KJwl.aO84rRTuVw2.c4oMc2QeuOyMkrRsPTl.nMcf.Gi,3
Frank 7,user979@sample.org,$2b$10$pUdVCeI3IN7GWChl8vdz3uK4jDcmYXW1qpH7dWKLdykoajtqhv8Ey,2
Ian 3,user980@sample.org,$2b$10$oVWjuCJF/Wls6OF0Ee0st.r79qFxVqrzYst6oogWG0HDpOh/H3J02,2
Jack 32,user981@example.com,$2b$10$YudNYEO3Um/p0fDH9mGL6.TsdpiVQPyaG1iz/wh5ffA28dNIv3wlK,3
Jack 65,user982@demo.com,$2b$10$FzcktUEYLQmvroCCoaldcu1ddlSElhV3evTlU8zJ7jcOa.ZWpRapq,3
Jack 90,user983@demo.com,$2b$10$DAK5MslNADaHpWvqZRbO1ejoh0tbi1zJfum2icjtyGzhmV603UTOS,3
Jack 25,user984@test.com,$2b$10$UDxf4zTHVM0hG6zWkb3sLOf5XdzcBxy/dUgIw9vyJTFrQL82eQaAi,3
David 30,user985@test.com,$2b$10$LxErFFTR7afbkPk61G4x0OnxEn.gTSYeSXXmi2wYuFmKszrBbLsMS,3
Bob 2,user986@example.com,$2b$10$zQXOm/pqmSC5DlQr3LpK2.SQk11FhZMgRbPds1iKJ.wnkI3Fw8Wha,2
Charlie 57,user987@sample.org,$2b$10$NazYBBDiP36fyUpEkIVn8OdfI3uiWTLf5.H//hFkd38C/1gFAaTyq,3
Frank 94,user988@sample.org,$2b$10$aQ5kG5RQ0j3Q.FWRLRuHO.pkdajp.0Ze6DR7sXSGiVogtwIcpI/ai,3
Hannah 63,user989@demo.com,$2b$10$Lk0dJ.Mbl87GgbgkIYFhoOxbUzMAMT1hlzo3vP8vcjNAg0a9uePqa,3
Emma 29,user990@sample.org,$2b$10$u8yZiULpMXxpZTtMLqdotuexWO.2Rf3qPrNC8GrIazvdfnglIIhqS,3
Hannah 42,user991@test.com,$2b$10$5hQTG9aGfkDIDkIzDwSBX.JA6YB9n8VlREi/eIXuksieBgz2yfokq,3
Bob 49,user992@sample.org,$2b$10$RCLOz26a/ev3irrzzM8wIu5KHKTjG55z09mKGuJc57O/xCDPpdY3.,3
Ian 73,user993@test.com,$2b$10$6oWLmmRm4r54t6i3VCtGaeZPtoKekvLf0gOgonh860s4Yy6rJutNi,3
Charlie 87,user994@test.com,$2b$10$8b3TX9SbIo2O4bTLB4QQreaPiwT4V9L.ZCOTEA4m.zQJcn/WcygX6,3
David 99,user995@example.com,$2b$10$E.JKhcAgcWw0Wh06W.kfYOI4ScRv.a2ku1dgOzAPnuAVvp2oc17wa,2
Ian 99,user996@test.com,$2b$10$jf0Py/adcGot7TEJ8QjjtuaHc1qM58m.hw51ZlSM/hR5kjsfDo9V6,3
Bob 66,user997@demo.com,$2b$10$u80Fh1SPA3ZI0oBl2BUQN.Zxv/83/Z8rPct5Y3C6cNohFX5dUwv1S,3
Bob 6,user998@test.com,$2b$10$HYFMkR/MLXFV28B.dL4GHuhCKFHApCcEOkbm09gnmFsxlW9aoHab2,3
Frank 14,user999@sample.org,$2b$10$Seyz6Ta90GW1Zm517yTuI.Y/EbmZrZaIINbvvyaEMn3ksPMotm2im,3
